TransactionID,Timestamp,AccountNumber,Amount,TransactionType,DestinationAccount,Geolocation
869633,2024-05-19 01:14:07,ACC15445,4568.1,deposit,ACC25662,"55.538166,-40.626990"
318512,2024-05-01 11:04:07,ACC82951,8453.83,withdrawal,ACC45001,"-70.629212,116.991697"
608845,2024-04-30 14:21:07,ACC79693,6322.62,deposit,ACC74476,"-64.675971,-88.717425"
473652,2024-05-05 05:26:07,ACC75434,7977.52,transfer,ACC60314,"67.598236,142.555838"
293770,2024-05-20 07:44:07,ACC62848,7157.4,withdrawal,ACC49768,"-77.744764,-175.699673"
637566,2024-04-26 09:37:07,ACC72247,7119.48,deposit,ACC33642,"64.887750,144.706454"
922020,2024-05-23 04:56:07,ACC90729,8724.41,deposit,ACC81993,"76.912918,17.910945"
378185,2024-05-13 02:19:07,ACC75560,3259.22,transfer,ACC40618,"83.431707,89.587138"
793385,2024-05-19 22:30:07,ACC55546,3979.68,deposit,ACC71355,"-55.232746,124.628521"
249557,2024-04-24 15:03:07,ACC84875,9335.72,withdrawal,ACC33100,"-34.126660,-19.031697"
992918,2024-05-05 08:54:07,ACC24415,4167.34,deposit,ACC21190,"45.227430,-173.518717"
524365,2024-05-12 13:48:07,ACC48423,3471.42,transfer,ACC25128,"73.897562,6.810367"
571954,2024-05-17 12:29:07,ACC11181,6869.69,transfer,ACC30889,"69.977436,20.254871"
477557,2024-05-11 00:49:07,ACC88523,7538.92,withdrawal,ACC63955,"-66.703785,-142.060005"
629806,2024-05-13 15:52:07,ACC82459,3386.36,transfer,ACC37666,"4.639473,-19.421294"
860864,2024-05-07 11:25:07,ACC98598,9301.85,transfer,ACC87196,"71.029707,25.324220"
445871,2024-05-17 00:13:07,ACC85285,4436.79,deposit,ACC90020,"-51.767719,62.748134"
803145,2024-05-08 09:31:07,ACC70651,1828.86,withdrawal,ACC89450,"32.892115,-71.004736"
591323,2024-05-01 19:48:07,ACC64314,6937.26,deposit,ACC24836,"-28.899954,-56.891401"
899973,2024-04-24 16:37:07,ACC74068,336.96,transfer,ACC33217,"39.799622,155.149405"
258084,2024-05-03 23:44:07,ACC12705,4837.56,deposit,ACC16791,"25.200541,-82.147688"
789247,2024-04-29 19:32:07,ACC11318,8721.05,withdrawal,ACC15802,"3.926628,-140.970159"
790657,2024-04-26 06:12:07,ACC98474,5572.37,deposit,ACC52071,"-60.910707,-23.293256"
214629,2024-05-15 06:28:07,ACC27782,346.83,transfer,ACC72446,"-62.738257,73.540316"
350614,2024-05-06 23:52:07,ACC87918,1957.66,withdrawal,ACC36954,"56.438477,-27.831739"
512981,2024-05-16 07:57:07,ACC72138,9970.33,transfer,ACC78430,"61.879212,87.746988"
892432,2024-05-22 13:30:07,ACC94390,171.36,withdrawal,ACC85907,"27.532701,27.957561"
362534,2024-05-03 20:53:07,ACC43074,583.1,transfer,ACC40249,"61.319836,24.823950"
923748,2024-05-14 10:19:07,ACC33712,6526.24,withdrawal,ACC79629,"-21.149347,49.571234"
253200,2024-05-21 22:27:07,ACC70954,6787.3,withdrawal,ACC68089,"-4.963993,92.633742"
304978,2024-05-08 07:41:07,ACC29734,3282.87,deposit,ACC99002,"48.586476,-112.600471"
357837,2024-05-21 18:01:07,ACC88179,6347.96,transfer,ACC55029,"15.859931,106.422023"
898801,2024-05-23 02:27:07,ACC91274,5535.49,transfer,ACC21201,"-51.649059,5.860804"
637746,2024-05-20 08:25:07,ACC51877,8087.34,deposit,ACC61725,"-49.613248,154.886370"
864634,2024-05-22 02:36:07,ACC41509,135.74,deposit,ACC92194,"-74.522055,-179.666145"
959767,2024-05-14 01:26:07,ACC85204,8446.76,deposit,ACC71481,"57.211390,23.163165"
892241,2024-05-21 04:11:07,ACC19271,928.82,transfer,ACC68023,"76.705372,-93.191736"
916400,2024-05-04 15:33:07,ACC37143,6120.43,transfer,ACC66920,"74.005122,-94.327500"
317054,2024-05-04 10:23:07,ACC90171,1487.59,deposit,ACC46419,"-39.681968,-136.576011"
385336,2024-04-23 16:25:07,ACC99343,3893.04,deposit,ACC71029,"51.354482,24.190762"
712383,2024-05-08 08:21:07,ACC25334,3896.22,transfer,ACC63441,"74.838149,-77.438289"
420598,2024-05-17 19:05:07,ACC17891,5557.54,transfer,ACC65461,"-61.585054,51.856307"
471041,2024-04-30 23:53:07,ACC85968,2748.86,withdrawal,ACC47107,"65.278975,148.845200"
357616,2024-05-12 09:23:07,ACC18057,2205.01,transfer,ACC91733,"-6.695538,61.942987"
412962,2024-04-30 05:45:07,ACC19313,8088.99,deposit,ACC44757,"-48.174451,175.927643"
965660,2024-05-02 20:26:07,ACC38262,8575.0,deposit,ACC23730,"45.910138,-96.838499"
277293,2024-05-15 10:27:07,ACC48247,5241.23,deposit,ACC29203,"-76.011189,4.378073"
108718,2024-05-17 14:12:07,ACC62029,1317.91,withdrawal,ACC77186,"-45.099104,176.976501"
458721,2024-05-03 22:37:07,ACC86377,4738.25,withdrawal,ACC57606,"26.551512,105.881456"
862708,2024-04-30 20:52:07,ACC53469,8639.1,transfer,ACC40488,"4.804661,22.611247"
648182,2024-05-22 12:05:07,ACC35316,3523.32,transfer,ACC23126,"50.478911,-27.676713"
312493,2024-05-22 21:59:07,ACC81993,3398.24,withdrawal,ACC87889,"72.861761,6.378494"
938893,2024-05-18 19:21:07,ACC68329,6653.76,transfer,ACC24157,"11.669319,22.250562"
430000,2024-05-19 02:36:07,ACC84277,4965.01,transfer,ACC82304,"-4.251102,84.855889"
673697,2024-05-04 22:35:07,ACC50658,1256.38,deposit,ACC41990,"76.533564,17.360149"
939022,2024-05-03 15:57:07,ACC38248,9153.62,withdrawal,ACC17201,"6.063033,-161.880022"
682315,2024-04-29 01:19:07,ACC65901,15.65,withdrawal,ACC18187,"54.882036,125.976064"
630412,2024-05-01 04:30:07,ACC80331,9494.02,transfer,ACC31958,"66.987777,-49.385138"
658962,2024-04-29 16:28:07,ACC40847,800.51,withdrawal,ACC89382,"44.115469,-69.187654"
342985,2024-05-04 04:00:07,ACC71863,2249.13,transfer,ACC41722,"-58.392392,-133.894732"
565267,2024-05-03 00:21:07,ACC49255,7370.49,withdrawal,ACC59067,"-63.873848,-22.998225"
283751,2024-05-20 08:13:07,ACC40929,7719.96,withdrawal,ACC10752,"-13.163606,-82.365250"
169921,2024-05-14 13:02:07,ACC79206,1209.51,withdrawal,ACC90145,"-46.288713,58.809550"
438048,2024-04-27 02:54:07,ACC94555,4600.2,transfer,ACC40148,"18.635186,8.424460"
761414,2024-04-26 07:09:07,ACC29255,5310.75,deposit,ACC64214,"85.569260,86.707826"
969850,2024-05-15 21:50:07,ACC45475,4880.91,deposit,ACC36235,"47.986313,-94.991844"
968282,2024-05-07 19:41:07,ACC76663,167.08,transfer,ACC94698,"87.570475,-178.626786"
519989,2024-05-11 03:28:07,ACC63377,571.08,withdrawal,ACC85714,"-68.782691,151.371573"
756180,2024-05-14 05:52:07,ACC26140,2745.86,withdrawal,ACC32320,"16.111199,-150.343527"
835672,2024-04-25 14:59:07,ACC66579,1885.1,deposit,ACC15494,"-69.995349,-96.770739"
246484,2024-05-19 10:49:07,ACC24654,9262.4,deposit,ACC29870,"63.111713,-139.966873"
749105,2024-05-11 09:07:07,ACC48880,5928.06,withdrawal,ACC74205,"-77.534632,-147.188475"
112868,2024-05-11 09:18:07,ACC79857,6699.82,withdrawal,ACC66531,"19.903998,162.839206"
684945,2024-05-13 13:29:07,ACC27531,2416.81,deposit,ACC81176,"11.459723,76.339848"
103922,2024-05-17 13:38:07,ACC89426,7396.14,transfer,ACC28970,"56.700820,10.811931"
209392,2024-05-10 07:17:07,ACC70863,5335.63,withdrawal,ACC51455,"-39.426478,-71.305091"
326061,2024-05-01 06:25:07,ACC73879,7061.7,transfer,ACC85932,"57.219630,161.646397"
650632,2024-05-17 06:21:07,ACC58217,3000.7,withdrawal,ACC42500,"-61.804139,-19.208886"
143251,2024-05-20 08:19:07,ACC77040,1831.86,withdrawal,ACC13314,"61.408920,-179.113529"
578389,2024-04-28 16:11:07,ACC84154,7938.39,deposit,ACC62800,"58.292014,91.907015"
827547,2024-05-03 05:54:07,ACC92394,6094.36,transfer,ACC50087,"14.098683,-120.654105"
659010,2024-05-21 22:28:07,ACC13229,4093.44,withdrawal,ACC86793,"50.100893,-35.421201"
146662,2024-04-26 03:05:07,ACC19144,5969.63,deposit,ACC69824,"-68.573721,55.161686"
824326,2024-05-03 10:00:07,ACC16722,217.47,transfer,ACC32062,"88.683595,-104.577785"
589807,2024-04-24 09:15:07,ACC27872,2632.01,transfer,ACC51290,"-9.646911,129.996864"
977677,2024-05-18 01:48:07,ACC67960,5359.07,deposit,ACC54781,"82.660732,78.187287"
224416,2024-05-01 15:16:07,ACC35151,3698.11,withdrawal,ACC20031,"-17.721076,10.490834"
398841,2024-05-16 04:24:07,ACC94214,3090.9,deposit,ACC37067,"65.227174,-84.676512"
579308,2024-05-08 12:40:07,ACC30376,3086.98,deposit,ACC11816,"-32.789088,-142.647584"
929164,2024-05-14 19:59:07,ACC40816,8980.04,transfer,ACC26618,"-70.370297,53.782376"
173595,2024-05-02 00:45:07,ACC28246,4148.31,transfer,ACC50557,"-69.476785,41.041810"
821447,2024-05-18 04:24:07,ACC66690,2041.14,transfer,ACC67041,"-56.582412,-141.424574"
915037,2024-05-04 04:53:07,ACC60377,4141.93,transfer,ACC34532,"27.782849,-110.679789"
531769,2024-05-11 19:05:07,ACC85177,6300.98,transfer,ACC93441,"-47.014526,81.996125"
369478,2024-05-20 23:12:07,ACC78636,689.42,transfer,ACC22472,"-50.738550,-178.127501"
809094,2024-04-28 18:53:07,ACC35927,6953.31,deposit,ACC36940,"-29.181346,-35.468937"
259109,2024-04-24 19:56:07,ACC35300,1410.07,transfer,ACC59155,"-41.451840,-28.247721"
216276,2024-05-01 03:15:07,ACC64684,8963.2,withdrawal,ACC53372,"58.338932,-150.532930"
419080,2024-05-17 00:57:07,ACC35332,8144.52,withdrawal,ACC73449,"-10.259053,43.614740"
869654,2024-05-12 15:46:07,ACC84240,536.26,transfer,ACC30403,"-10.359965,-52.890051"
284736,2024-05-07 06:02:07,ACC40961,6564.46,withdrawal,ACC35508,"5.217267,-62.922643"
427555,2024-05-04 01:30:07,ACC67753,7299.47,transfer,ACC98119,"-2.251036,108.700236"
309734,2024-05-16 00:04:07,ACC11168,6879.51,deposit,ACC29639,"-10.511367,36.119233"
600160,2024-05-01 10:01:07,ACC72898,8823.07,deposit,ACC55577,"-25.890255,81.760301"
884675,2024-04-26 23:33:07,ACC56782,344.84,deposit,ACC99689,"45.525630,-22.617649"
787603,2024-05-10 02:23:07,ACC25283,5171.43,deposit,ACC43973,"-10.301303,1.538644"
427898,2024-04-24 10:32:07,ACC93718,1632.94,deposit,ACC14340,"-41.892642,34.261133"
831108,2024-04-28 17:51:07,ACC56084,3252.25,deposit,ACC39424,"59.226641,-40.771740"
423424,2024-05-06 08:20:07,ACC76658,109.98,deposit,ACC83985,"78.998204,4.571067"
512959,2024-05-03 00:32:07,ACC71041,7796.69,deposit,ACC43707,"-75.030931,139.437592"
675386,2024-05-18 17:49:07,ACC26446,7481.59,withdrawal,ACC15316,"37.172231,-52.028178"
386375,2024-05-14 12:25:07,ACC17590,1918.22,deposit,ACC88820,"-54.912283,-133.555612"
564660,2024-05-18 12:01:07,ACC79918,1354.06,transfer,ACC47371,"78.853722,171.078468"
742761,2024-05-05 06:53:07,ACC50355,5640.27,deposit,ACC33473,"0.704931,-54.557613"
695097,2024-04-30 06:26:07,ACC46809,4797.19,withdrawal,ACC25945,"-25.934181,33.358641"
667795,2024-05-05 19:01:07,ACC16609,7242.74,withdrawal,ACC87033,"25.077207,-148.961913"
532159,2024-04-29 23:24:07,ACC46350,1236.23,deposit,ACC97365,"11.310896,44.303357"
741556,2024-05-11 00:28:07,ACC76133,550.06,transfer,ACC96394,"-74.556942,88.488215"
865355,2024-04-29 01:39:07,ACC10869,186.68,transfer,ACC29724,"7.756203,14.044785"
807112,2024-05-14 16:24:07,ACC96659,6559.38,withdrawal,ACC17380,"-52.028984,165.002525"
154534,2024-05-12 20:57:07,ACC42252,1621.96,transfer,ACC57360,"-24.559812,-55.598097"
566168,2024-05-12 14:43:07,ACC48986,6826.07,transfer,ACC44136,"86.927722,178.013213"
458045,2024-04-25 11:24:07,ACC92530,3854.21,withdrawal,ACC54972,"-85.802213,41.877370"
708401,2024-05-07 00:01:07,ACC62714,3247.34,deposit,ACC55172,"18.578727,130.586452"
296070,2024-05-20 14:04:07,ACC61337,1918.04,transfer,ACC94544,"58.870893,-17.642648"
150213,2024-04-25 04:47:07,ACC64693,9521.56,transfer,ACC26250,"74.521030,138.064344"
552893,2024-04-26 21:30:07,ACC85291,7979.23,transfer,ACC38174,"-1.265068,31.326968"
543997,2024-05-13 16:42:07,ACC81226,8818.48,withdrawal,ACC20777,"-65.327918,-172.769193"
608996,2024-05-04 10:27:07,ACC96598,1864.13,transfer,ACC93908,"31.113232,-26.119389"
859131,2024-05-03 15:58:07,ACC14489,1147.46,withdrawal,ACC89452,"-40.586164,116.078171"
401713,2024-04-27 14:46:07,ACC75599,5741.93,deposit,ACC57162,"17.026567,21.827179"
435966,2024-04-30 20:06:07,ACC13999,85.14,transfer,ACC83003,"23.176020,-34.808932"
254762,2024-05-21 06:50:07,ACC83526,1071.38,transfer,ACC35711,"-51.922767,-139.139142"
262889,2024-04-30 23:19:07,ACC94864,8559.4,withdrawal,ACC21704,"29.454130,57.911933"
448918,2024-04-28 23:28:07,ACC89803,5345.2,transfer,ACC52510,"-27.458262,-41.995829"
178715,2024-04-23 23:08:07,ACC39982,8177.82,deposit,ACC38148,"-73.531787,-119.793991"
528876,2024-05-11 04:04:07,ACC29543,4966.75,withdrawal,ACC79566,"-41.511819,-98.783815"
292155,2024-05-01 21:03:07,ACC51207,3192.02,withdrawal,ACC25742,"-34.064680,-179.467807"
751544,2024-05-21 06:02:07,ACC33690,1840.29,deposit,ACC44294,"-25.602732,114.742561"
998668,2024-05-20 06:28:07,ACC43793,7891.92,deposit,ACC33306,"60.458570,-175.007722"
588018,2024-04-29 14:52:07,ACC61546,9503.52,deposit,ACC45450,"-65.281889,-118.625343"
634522,2024-05-16 19:27:07,ACC13291,8933.35,transfer,ACC38343,"49.986033,1.537607"
503681,2024-05-15 19:38:07,ACC35415,1104.85,transfer,ACC76904,"1.876751,13.707780"
483675,2024-05-20 04:38:07,ACC55735,8339.35,transfer,ACC85741,"64.499300,-63.367000"
706176,2024-05-03 02:41:07,ACC52656,2269.13,transfer,ACC64050,"16.638900,64.078954"
676564,2024-05-22 09:55:07,ACC15086,8426.64,transfer,ACC43362,"51.118336,-50.865311"
704583,2024-05-08 21:19:07,ACC65981,2437.26,transfer,ACC39428,"-10.344729,-88.765122"
280778,2024-05-08 00:33:07,ACC45107,2227.47,transfer,ACC37014,"11.708693,-26.116379"
686154,2024-04-28 19:20:07,ACC59325,8537.05,withdrawal,ACC74098,"-34.461763,36.421965"
249641,2024-05-11 04:25:07,ACC51309,4829.18,withdrawal,ACC20624,"59.477452,-127.602961"
828735,2024-04-30 05:18:07,ACC30645,9059.96,deposit,ACC94031,"69.564227,163.562712"
513174,2024-04-25 11:11:07,ACC33217,3080.32,withdrawal,ACC45311,"3.971480,21.132343"
847041,2024-05-05 08:16:07,ACC93824,5383.86,deposit,ACC69902,"74.824097,-141.326653"
532047,2024-05-01 16:19:07,ACC25955,708.66,transfer,ACC91490,"34.610794,94.627766"
708580,2024-05-07 10:22:07,ACC76857,2545.14,transfer,ACC49917,"-61.566708,121.446320"
168321,2024-04-27 18:48:07,ACC59515,9253.4,deposit,ACC95415,"-27.622435,-57.166469"
469239,2024-05-10 23:54:07,ACC89580,7994.73,transfer,ACC42554,"31.647401,-92.043413"
765814,2024-05-20 07:39:07,ACC37958,5870.83,withdrawal,ACC13396,"61.336026,86.250099"
425042,2024-05-17 02:49:07,ACC92489,8204.83,deposit,ACC45940,"33.625764,21.688134"
378658,2024-05-16 08:23:07,ACC90911,7623.72,deposit,ACC51746,"-39.083856,134.016228"
216815,2024-05-03 20:13:07,ACC66683,8293.77,deposit,ACC70876,"-21.362325,171.146636"
531530,2024-04-29 02:44:07,ACC51368,2205.12,deposit,ACC76794,"28.935276,124.641814"
630990,2024-04-27 05:27:07,ACC60441,176.22,deposit,ACC89798,"83.582558,-34.867042"
170418,2024-05-20 19:56:07,ACC89906,1952.59,transfer,ACC13472,"-75.651097,0.098256"
399314,2024-04-29 12:10:07,ACC16266,7472.38,deposit,ACC87347,"82.825115,138.407129"
549226,2024-05-22 05:15:07,ACC67265,1379.59,transfer,ACC44328,"-50.336351,83.595165"
906984,2024-05-06 11:36:07,ACC70221,474.55,deposit,ACC67042,"-63.290675,-157.345802"
737290,2024-05-05 00:07:07,ACC10498,488.74,withdrawal,ACC83489,"-3.769209,-99.398398"
101950,2024-05-22 04:58:07,ACC12642,3107.68,transfer,ACC23633,"-63.494313,109.829726"
609523,2024-05-21 12:11:07,ACC52465,6845.42,deposit,ACC88372,"20.956948,76.433776"
772209,2024-04-26 08:42:07,ACC50243,6455.24,transfer,ACC84259,"63.117136,113.720538"
975400,2024-05-12 01:14:07,ACC17977,7153.72,withdrawal,ACC14658,"20.706595,18.995725"
487843,2024-05-08 05:24:07,ACC76542,3622.84,deposit,ACC24069,"-39.254527,177.490926"
584347,2024-05-13 16:39:07,ACC37175,3946.55,transfer,ACC97219,"72.579247,154.172712"
405756,2024-04-26 19:03:07,ACC36882,8112.7,deposit,ACC64199,"-42.568047,-175.171151"
233684,2024-05-01 16:35:07,ACC58428,8170.41,withdrawal,ACC31525,"-27.275329,-110.201674"
816585,2024-04-27 00:30:07,ACC18834,248.97,transfer,ACC11137,"-41.261394,-82.772905"
172869,2024-05-05 00:53:07,ACC47346,8480.95,withdrawal,ACC28030,"-41.276955,57.896109"
252859,2024-04-28 02:35:07,ACC92803,7973.56,withdrawal,ACC65114,"-41.095042,-81.382207"
643267,2024-04-25 03:12:07,ACC93209,1959.59,deposit,ACC56874,"14.922483,-91.770026"
394798,2024-05-08 21:13:07,ACC99363,7515.3,withdrawal,ACC65469,"82.124952,-23.195962"
984603,2024-05-08 17:56:07,ACC46934,4226.77,transfer,ACC47605,"25.301808,14.576882"
959045,2024-05-14 00:56:07,ACC63407,8450.48,deposit,ACC90968,"-75.183420,-80.815890"
811619,2024-04-23 17:15:07,ACC83567,3161.96,transfer,ACC94404,"64.170432,-174.792485"
628120,2024-05-16 16:46:07,ACC41193,4774.59,transfer,ACC17077,"37.051396,-130.752923"
908286,2024-05-23 03:45:07,ACC66670,4066.19,transfer,ACC89753,"32.545284,112.941495"
696337,2024-05-07 10:58:07,ACC46217,8660.27,withdrawal,ACC60137,"-54.419715,159.123173"
171374,2024-05-14 16:50:07,ACC77767,2476.57,deposit,ACC39747,"-16.580595,-118.801774"
251988,2024-05-09 03:29:07,ACC36971,2356.72,deposit,ACC26773,"66.449344,124.533117"
924905,2024-04-30 21:23:07,ACC48728,1859.44,deposit,ACC20603,"-87.675176,114.638128"
828009,2024-05-05 22:38:07,ACC61583,292.45,transfer,ACC70959,"-50.760541,168.340972"
523450,2024-05-07 15:16:07,ACC58353,1159.49,transfer,ACC27834,"-42.859792,-160.058923"
564306,2024-05-15 07:05:07,ACC55843,1082.69,transfer,ACC89116,"25.616511,-93.453159"
789646,2024-05-12 20:25:07,ACC18232,2455.04,withdrawal,ACC58173,"-56.644990,-55.984857"
683553,2024-04-25 15:18:07,ACC75994,7334.71,withdrawal,ACC24831,"-69.576836,-156.983861"
909038,2024-05-09 13:56:07,ACC48048,9907.0,transfer,ACC76164,"7.037435,-16.071479"
697319,2024-04-30 06:09:07,ACC43640,1372.06,deposit,ACC88062,"-50.890925,176.335385"
636372,2024-05-13 14:41:07,ACC27305,3582.66,deposit,ACC10142,"65.726042,-109.488136"
575283,2024-04-24 13:15:07,ACC82453,7757.49,deposit,ACC43919,"76.815501,-172.009948"
477610,2024-05-15 16:45:07,ACC20333,8636.44,deposit,ACC51883,"-17.296405,-143.944870"
715051,2024-05-02 19:52:07,ACC66599,2160.82,transfer,ACC24197,"-14.517038,-129.237490"
723180,2024-05-17 15:59:07,ACC41424,7610.02,transfer,ACC46876,"64.146278,-169.732887"
211939,2024-04-25 22:15:07,ACC53069,6111.26,transfer,ACC39342,"-13.674999,-50.756131"
880242,2024-05-09 14:00:07,ACC78518,9996.54,transfer,ACC42363,"18.707016,-75.186108"
786575,2024-05-06 21:07:07,ACC77560,1963.56,deposit,ACC62436,"-82.893932,-120.360644"
623022,2024-05-03 09:00:07,ACC32385,3823.72,withdrawal,ACC95342,"20.706112,-44.808305"
859726,2024-05-15 04:19:07,ACC39649,1902.6,transfer,ACC48513,"10.888250,110.306952"
896111,2024-04-27 22:11:07,ACC53193,7003.26,deposit,ACC23787,"-70.243886,-77.420114"
288065,2024-05-09 17:10:07,ACC86128,8709.56,withdrawal,ACC72465,"-8.696409,-33.050434"
899621,2024-05-10 08:07:07,ACC42282,539.56,deposit,ACC90234,"86.943783,-116.529426"
485450,2024-05-11 00:15:07,ACC69948,2745.54,transfer,ACC27640,"42.717678,-149.539627"
270661,2024-05-14 11:47:07,ACC99571,7460.48,deposit,ACC48366,"51.351938,-60.675370"
960459,2024-05-10 16:56:07,ACC75042,1781.37,transfer,ACC63234,"45.219525,-8.920735"
684899,2024-05-04 17:20:07,ACC36275,8171.61,transfer,ACC44761,"-81.721626,125.366048"
155432,2024-05-11 16:39:07,ACC10634,7331.88,transfer,ACC89907,"-87.296265,-23.598579"
865377,2024-05-21 10:01:07,ACC28370,240.87,transfer,ACC84361,"-23.258232,115.694352"
736173,2024-05-20 01:44:07,ACC53903,4483.75,withdrawal,ACC92101,"25.886600,-150.704000"
671691,2024-05-14 03:22:07,ACC24749,2447.74,deposit,ACC84018,"-0.544582,-5.763491"
729982,2024-05-09 11:05:07,ACC45051,2986.1,transfer,ACC73012,"-54.743052,32.236978"
881684,2024-04-27 00:36:07,ACC95658,2724.7,withdrawal,ACC87077,"-31.958012,-36.170519"
796577,2024-04-23 14:22:07,ACC31494,850.39,transfer,ACC67846,"-37.912633,113.725632"
711537,2024-05-08 06:27:07,ACC84175,6277.13,deposit,ACC69276,"6.956492,20.975499"
162133,2024-05-23 00:39:07,ACC60518,9556.62,transfer,ACC86626,"-36.019792,110.895776"
447149,2024-05-12 12:03:07,ACC49553,3556.33,transfer,ACC50013,"-78.072134,21.125884"
217232,2024-05-21 00:03:07,ACC25120,2450.02,withdrawal,ACC15652,"46.720384,-19.584679"
619332,2024-05-14 10:48:07,ACC94258,8205.03,deposit,ACC46026,"-24.159376,28.964619"
508293,2024-04-28 20:29:07,ACC96501,8030.93,transfer,ACC25877,"-10.528817,6.532942"
271130,2024-05-23 07:08:07,ACC53780,6452.63,transfer,ACC25886,"0.323994,68.078393"
154455,2024-05-12 14:31:07,ACC81050,7294.12,withdrawal,ACC32204,"-12.317998,41.260129"
837787,2024-04-28 21:33:07,ACC36712,8805.72,deposit,ACC63645,"-37.728733,-102.933083"
331213,2024-05-17 10:19:07,ACC77190,3669.78,deposit,ACC30161,"85.789222,94.773229"
116550,2024-04-28 09:37:07,ACC36942,3552.49,deposit,ACC88166,"75.690471,-52.801399"
550385,2024-05-22 04:13:07,ACC49111,733.08,deposit,ACC29135,"27.024573,-42.202660"
182045,2024-05-04 07:56:07,ACC41471,5521.72,withdrawal,ACC20966,"-71.105573,-13.334060"
502109,2024-04-29 23:35:07,ACC38956,5194.36,withdrawal,ACC70234,"-28.913194,108.330495"
765512,2024-05-05 22:31:07,ACC49108,4126.85,deposit,ACC96245,"9.856454,70.379238"
520448,2024-05-04 14:07:07,ACC49386,3630.33,deposit,ACC49472,"-50.464104,137.676409"
201941,2024-05-19 20:06:07,ACC89916,2103.4,withdrawal,ACC83999,"-76.405784,118.248880"
662675,2024-05-13 14:03:07,ACC15484,748.87,deposit,ACC75221,"24.115694,148.117939"
804777,2024-05-16 23:59:07,ACC88008,4558.82,withdrawal,ACC72004,"37.181744,89.908107"
840124,2024-05-01 23:49:07,ACC45101,4299.16,transfer,ACC23134,"-21.559584,-25.674835"
515124,2024-05-04 09:50:07,ACC32242,8927.8,withdrawal,ACC82362,"13.114807,88.073901"
920108,2024-05-16 17:23:07,ACC11767,9756.46,transfer,ACC27361,"-47.125721,-3.665609"
676421,2024-05-09 20:31:07,ACC83884,7647.78,deposit,ACC15201,"25.384601,-111.209407"
960752,2024-05-08 15:03:07,ACC24756,9037.81,deposit,ACC65774,"-61.804547,-23.701612"
794180,2024-05-17 18:53:07,ACC23404,5820.24,withdrawal,ACC40545,"-53.447041,50.182243"
549888,2024-04-23 12:47:07,ACC71464,9741.11,transfer,ACC59380,"14.464802,157.675772"
981858,2024-04-27 19:41:07,ACC24799,9680.08,transfer,ACC32557,"39.057000,-96.896995"
784460,2024-05-18 08:34:07,ACC97815,7959.99,withdrawal,ACC18355,"-7.019348,-32.441747"
584678,2024-05-23 00:31:07,ACC62560,5882.74,withdrawal,ACC15183,"60.578714,-135.944532"
798471,2024-05-15 16:20:07,ACC25911,5285.46,deposit,ACC58576,"82.574423,-55.311967"
125757,2024-05-18 22:19:07,ACC76678,8323.5,deposit,ACC78463,"18.459896,-60.162098"
706567,2024-05-10 03:15:07,ACC43385,2782.05,deposit,ACC38462,"-36.630574,-146.778158"
908554,2024-05-12 19:35:07,ACC67465,2542.53,transfer,ACC83216,"-24.787140,119.482704"
278690,2024-05-20 23:02:07,ACC18678,1682.82,withdrawal,ACC54300,"20.608961,87.547682"
663931,2024-05-10 02:50:07,ACC80295,4314.65,deposit,ACC27871,"1.004802,120.483741"
185479,2024-05-23 02:26:07,ACC97691,1515.84,withdrawal,ACC74458,"59.198669,-175.485161"
588669,2024-05-07 20:05:07,ACC32760,4860.62,transfer,ACC13783,"79.530112,-120.728540"
428273,2024-04-24 10:20:07,ACC40954,9296.92,transfer,ACC54457,"-6.492860,-70.259775"
790565,2024-04-23 17:49:07,ACC71167,1774.34,transfer,ACC29273,"9.627694,154.229103"
569109,2024-05-10 19:10:07,ACC30748,1126.19,withdrawal,ACC46044,"-52.455373,-158.477616"
618563,2024-04-28 11:10:07,ACC53156,7651.58,deposit,ACC42038,"49.697205,-104.446253"
357654,2024-04-28 13:37:07,ACC51147,6247.33,transfer,ACC98954,"-45.294019,105.622445"
824757,2024-05-12 17:41:07,ACC54978,3194.46,deposit,ACC87557,"7.412271,-97.025083"
239536,2024-05-15 01:40:07,ACC30536,4443.14,withdrawal,ACC39692,"-20.532988,-101.694405"
366691,2024-04-25 17:02:07,ACC60103,7905.09,withdrawal,ACC43159,"-35.145635,-45.745500"
357161,2024-05-15 21:16:07,ACC87005,1137.54,withdrawal,ACC64859,"33.242769,-133.822237"
545516,2024-05-16 18:36:07,ACC56563,2486.21,withdrawal,ACC17634,"31.760258,-146.604848"
664515,2024-05-21 12:25:07,ACC87937,7123.08,transfer,ACC92257,"6.431182,-89.646466"
351332,2024-05-13 22:25:07,ACC31351,7725.79,withdrawal,ACC34022,"-29.747614,167.162415"
855973,2024-05-20 15:17:07,ACC94039,3027.26,withdrawal,ACC54583,"87.187631,153.383441"
740332,2024-04-30 09:06:07,ACC96545,7401.54,withdrawal,ACC49770,"60.390038,36.053046"
413019,2024-04-25 04:46:07,ACC90304,3307.46,transfer,ACC16988,"-46.951129,134.625667"
764290,2024-05-10 08:06:07,ACC79668,6374.62,withdrawal,ACC84427,"18.637580,110.913496"
510222,2024-05-12 09:04:07,ACC75548,1894.62,withdrawal,ACC18209,"-86.738402,98.036311"
584932,2024-05-10 11:01:07,ACC81188,5708.36,withdrawal,ACC66250,"-64.023771,98.711008"
595248,2024-05-10 23:15:07,ACC44058,8046.02,withdrawal,ACC66319,"-11.972023,122.820316"
986121,2024-05-08 04:51:07,ACC46680,1807.72,withdrawal,ACC26501,"86.566605,121.758439"
114235,2024-05-08 00:15:07,ACC56396,3805.43,transfer,ACC77954,"-14.920234,57.894733"
607401,2024-05-12 15:22:07,ACC20219,8477.73,transfer,ACC93865,"25.261553,29.321057"
621121,2024-05-10 09:37:07,ACC36040,6097.93,deposit,ACC86768,"53.402326,148.357565"
791826,2024-04-26 08:23:07,ACC68934,8916.03,deposit,ACC45088,"-32.857432,-167.284653"
707440,2024-05-15 13:45:07,ACC69096,877.26,deposit,ACC80097,"25.776696,-21.163351"
584370,2024-05-03 09:49:07,ACC81044,4102.31,deposit,ACC54415,"50.985985,86.227656"
396881,2024-05-20 07:59:07,ACC54070,5037.62,deposit,ACC30205,"-71.712293,-48.387705"
161154,2024-05-21 00:06:07,ACC20833,6278.5,deposit,ACC42367,"-15.135464,82.421052"
332548,2024-05-22 05:59:07,ACC97993,4048.83,transfer,ACC33184,"74.479682,120.753230"
814313,2024-05-09 11:18:07,ACC37494,5239.79,transfer,ACC48405,"-31.043001,-147.183698"
214087,2024-05-16 09:12:07,ACC10845,76.11,transfer,ACC20229,"15.903184,114.930511"
660707,2024-05-15 22:16:07,ACC65709,2830.46,transfer,ACC20108,"-83.424673,120.467132"
894592,2024-05-01 05:02:07,ACC73020,9244.91,deposit,ACC13646,"50.491665,98.016390"
920717,2024-05-18 16:41:07,ACC73041,8280.07,deposit,ACC38450,"65.153979,40.292527"
631244,2024-05-16 15:46:07,ACC38281,6905.48,transfer,ACC19428,"38.311611,-132.833699"
489256,2024-05-22 12:15:07,ACC96733,4706.63,withdrawal,ACC33166,"88.973745,95.608494"
948962,2024-05-16 05:30:07,ACC16163,1979.64,deposit,ACC15983,"4.164570,-90.306214"
936326,2024-05-11 07:08:07,ACC31945,821.69,deposit,ACC51254,"-3.994362,-65.663518"
973134,2024-05-10 23:04:07,ACC52008,2036.64,deposit,ACC52236,"17.928916,-51.911891"
379163,2024-04-25 22:40:07,ACC38891,215.35,deposit,ACC69810,"-42.115599,96.357118"
903494,2024-05-21 17:47:07,ACC78044,7158.83,withdrawal,ACC58444,"86.925053,96.210774"
505273,2024-05-03 10:29:07,ACC22494,719.95,withdrawal,ACC70483,"29.144552,-116.988113"
614182,2024-04-30 02:33:07,ACC94036,7317.94,transfer,ACC44902,"-34.273568,-129.710864"
357488,2024-05-12 10:37:07,ACC47931,362.11,transfer,ACC74436,"7.895573,-131.153915"
745358,2024-05-01 10:08:07,ACC23811,58.52,transfer,ACC94384,"-3.369936,40.896983"
186626,2024-05-13 16:01:07,ACC11763,4686.84,transfer,ACC71884,"-17.439523,-144.917829"
851126,2024-05-12 07:00:07,ACC65616,6876.62,transfer,ACC53438,"50.360868,159.229733"
494340,2024-05-13 07:41:07,ACC18349,3011.69,deposit,ACC53671,"-69.528772,51.211475"
159172,2024-05-16 19:21:07,ACC52176,1614.32,withdrawal,ACC43669,"35.255359,35.520849"
294115,2024-05-06 02:55:07,ACC33639,784.7,deposit,ACC44243,"-56.590227,155.462549"
683338,2024-04-24 14:51:07,ACC15472,8027.06,withdrawal,ACC93422,"-15.208716,-152.329272"
585557,2024-05-21 14:22:07,ACC12231,9628.03,withdrawal,ACC73460,"-48.982093,40.997749"
619461,2024-04-24 13:38:07,ACC82578,2599.18,transfer,ACC99950,"-53.087473,30.966546"
969499,2024-05-06 00:50:07,ACC89709,7739.99,deposit,ACC23866,"-74.495000,145.522342"
463303,2024-05-23 02:29:07,ACC37546,8275.0,deposit,ACC92389,"-48.462194,34.793227"
658144,2024-05-18 07:35:07,ACC86516,9015.3,transfer,ACC91122,"-65.154195,-118.026178"
917136,2024-05-03 00:43:07,ACC40000,9801.08,deposit,ACC42634,"-33.154367,142.271974"
690005,2024-05-05 15:09:07,ACC50221,3456.57,withdrawal,ACC43253,"-66.445108,154.870589"
625770,2024-05-13 20:25:07,ACC20500,7708.18,withdrawal,ACC80783,"73.626251,-166.362018"
217906,2024-04-24 19:40:07,ACC25848,1858.27,transfer,ACC15500,"56.552266,-152.451749"
806765,2024-05-04 00:27:07,ACC45320,7281.62,transfer,ACC42953,"-0.632558,-63.474757"
826459,2024-05-15 08:30:07,ACC95142,1943.05,deposit,ACC87881,"-79.270145,-48.579797"
328337,2024-05-20 17:20:07,ACC33896,3157.13,transfer,ACC98985,"-16.556131,-125.844476"
218177,2024-05-10 10:13:07,ACC22550,443.14,transfer,ACC73127,"18.084550,-145.063631"
575827,2024-05-12 16:27:07,ACC44059,7147.82,deposit,ACC18341,"-89.292032,-111.981651"
971972,2024-05-12 16:28:07,ACC62167,1458.0,transfer,ACC87192,"14.349782,48.454011"
737862,2024-05-17 21:03:07,ACC73270,1421.46,deposit,ACC25653,"13.565968,-144.120583"
572196,2024-05-15 19:14:07,ACC15035,3420.0,withdrawal,ACC22657,"44.548592,26.212461"
455411,2024-05-07 21:59:07,ACC67191,3353.38,deposit,ACC81936,"-10.502256,49.972891"
968769,2024-04-27 18:28:07,ACC37611,6045.75,transfer,ACC63409,"-10.294353,-88.834707"
886336,2024-05-20 07:06:07,ACC50363,5952.06,transfer,ACC22885,"-14.308898,47.862143"
562957,2024-05-11 20:57:07,ACC15518,5930.71,deposit,ACC65039,"77.535537,20.674981"
251216,2024-05-03 05:07:07,ACC56556,9163.23,withdrawal,ACC96184,"69.556417,28.560893"
785234,2024-05-21 19:03:07,ACC58356,640.44,transfer,ACC25519,"46.031526,-95.997714"
754408,2024-05-07 15:33:07,ACC71478,4910.03,deposit,ACC61285,"57.744745,-137.320716"
825618,2024-05-20 18:58:07,ACC15151,1950.77,deposit,ACC50019,"-41.269484,89.012703"
432639,2024-04-29 03:01:07,ACC84339,9052.8,withdrawal,ACC25868,"-20.649443,29.433984"
864549,2024-05-18 17:00:07,ACC57653,7842.95,transfer,ACC70929,"-62.041676,26.331191"
993970,2024-05-18 23:06:07,ACC61604,8133.61,deposit,ACC60160,"-5.115627,-5.494419"
711349,2024-04-27 10:52:07,ACC41888,9590.15,withdrawal,ACC66072,"-19.234444,94.510644"
562618,2024-05-12 22:07:07,ACC86900,8468.92,deposit,ACC11069,"-30.518185,-50.565781"
865792,2024-05-17 06:50:07,ACC61255,4850.65,withdrawal,ACC72089,"-52.643191,57.513134"
797198,2024-05-19 18:03:07,ACC49303,7313.81,deposit,ACC40221,"49.426064,177.344345"
233018,2024-05-18 18:48:07,ACC60787,8727.18,deposit,ACC27342,"-19.387098,27.863819"
456960,2024-05-04 03:31:07,ACC75715,2475.77,withdrawal,ACC39169,"-49.918431,131.442669"
714414,2024-05-08 04:43:07,ACC74275,4864.65,transfer,ACC10152,"-23.033124,-46.150209"
105231,2024-05-15 23:59:07,ACC64451,9778.76,transfer,ACC97717,"16.584992,-101.700842"
524657,2024-05-20 01:40:07,ACC59486,7628.86,deposit,ACC63468,"76.576341,-24.754362"
743484,2024-05-09 10:40:07,ACC72946,7503.69,withdrawal,ACC17022,"-44.046437,94.268141"
502641,2024-05-08 00:46:07,ACC76335,9396.53,deposit,ACC60999,"39.380165,-131.466768"
437601,2024-05-22 02:41:07,ACC47342,1581.93,transfer,ACC98685,"73.706841,146.880453"
125893,2024-05-09 15:11:07,ACC59209,4298.4,deposit,ACC27004,"17.840478,87.352050"
243040,2024-05-04 00:41:07,ACC36690,3337.2,deposit,ACC57566,"-6.813976,-80.964245"
826049,2024-05-22 02:04:07,ACC37793,2385.11,withdrawal,ACC77250,"88.497782,71.049392"
146488,2024-05-16 07:02:07,ACC60363,4454.01,deposit,ACC21760,"-41.548651,-66.153830"
814724,2024-05-18 14:53:07,ACC39687,4088.02,withdrawal,ACC87083,"-27.032425,-56.755432"
181645,2024-05-15 16:12:07,ACC47435,4618.47,withdrawal,ACC56553,"-26.529245,-163.981405"
635869,2024-04-25 15:44:07,ACC75182,484.15,deposit,ACC94273,"42.505163,-65.664241"
537513,2024-04-28 22:46:07,ACC68467,6033.69,transfer,ACC74686,"-28.579702,24.594680"
852087,2024-05-06 17:44:07,ACC16662,6976.96,transfer,ACC74323,"53.232524,128.915393"
574767,2024-04-28 06:17:07,ACC91536,4242.39,withdrawal,ACC17130,"-7.785536,-104.076359"
641525,2024-05-02 19:00:07,ACC37063,2669.33,transfer,ACC77917,"-76.366790,-143.627435"
206706,2024-04-24 15:10:07,ACC27043,9492.93,transfer,ACC17898,"40.388126,123.927632"
515294,2024-05-05 17:04:07,ACC27688,7953.69,transfer,ACC67843,"11.955848,-129.257509"
194533,2024-05-19 03:18:07,ACC10738,4720.52,deposit,ACC98788,"-81.683181,148.921348"
575852,2024-04-27 11:39:07,ACC82530,9099.19,withdrawal,ACC52904,"42.977284,-63.677405"
266092,2024-05-07 10:29:07,ACC46012,3636.11,deposit,ACC46806,"42.208741,136.963546"
480568,2024-05-07 23:23:07,ACC12878,9429.81,deposit,ACC97232,"49.368103,-6.804473"
447652,2024-05-13 09:42:07,ACC48507,131.53,withdrawal,ACC81880,"-14.947021,-146.751339"
820379,2024-05-20 07:14:07,ACC11279,4357.6,deposit,ACC32786,"-45.535087,-102.379504"
776468,2024-05-18 01:50:07,ACC17143,5620.29,deposit,ACC61742,"-2.381869,-170.429394"
849546,2024-05-18 16:41:07,ACC87937,6801.06,transfer,ACC28302,"-76.836026,175.549683"
682268,2024-05-10 10:14:07,ACC60879,7637.27,withdrawal,ACC66802,"67.529113,-97.976750"
830513,2024-04-29 13:10:07,ACC33098,1974.17,deposit,ACC62628,"33.983277,56.194338"
592919,2024-04-28 20:02:07,ACC96517,9650.3,transfer,ACC15488,"9.462544,168.931467"
348836,2024-04-29 07:49:07,ACC95464,2294.62,transfer,ACC58755,"-40.310160,58.878284"
976309,2024-04-30 21:21:07,ACC76445,9872.73,transfer,ACC75215,"-7.311640,-115.736866"
282633,2024-05-12 00:57:07,ACC26588,6618.51,transfer,ACC48348,"0.661780,-128.638793"
193070,2024-04-27 15:01:07,ACC20103,869.71,deposit,ACC78374,"68.358611,-38.062498"
508971,2024-05-07 10:51:07,ACC31906,410.3,withdrawal,ACC67359,"-34.491216,-57.754456"
239244,2024-04-30 13:22:07,ACC92523,914.36,withdrawal,ACC48076,"54.736485,105.103438"
557417,2024-05-12 22:13:07,ACC40742,8359.55,deposit,ACC17312,"56.023478,130.448477"
856594,2024-05-21 13:55:07,ACC49088,3227.84,withdrawal,ACC61997,"28.033077,-34.342451"
777215,2024-05-07 08:09:07,ACC62883,6873.69,withdrawal,ACC56153,"5.673432,36.043561"
568525,2024-05-18 21:51:07,ACC19817,5834.89,deposit,ACC45543,"23.004772,73.973059"
183985,2024-05-10 07:36:07,ACC57315,1102.81,withdrawal,ACC30731,"-69.157806,15.350553"
267253,2024-04-26 17:12:07,ACC13365,4782.06,withdrawal,ACC79361,"75.658193,68.734837"
929589,2024-05-20 07:29:07,ACC55373,3518.71,transfer,ACC73846,"-25.911444,-108.557724"
856683,2024-05-02 10:13:07,ACC39934,8838.06,deposit,ACC15620,"44.000586,70.208791"
777145,2024-05-08 21:56:07,ACC62921,5985.14,transfer,ACC86818,"1.511442,138.969819"
340945,2024-05-15 14:59:07,ACC98710,3178.35,transfer,ACC50566,"10.883560,160.301458"
354611,2024-05-20 22:42:07,ACC33208,8893.56,transfer,ACC16732,"-70.809954,115.399992"
432856,2024-04-29 13:37:07,ACC90528,8450.22,deposit,ACC49939,"37.506569,34.693269"
183723,2024-05-21 02:49:07,ACC25303,2524.77,withdrawal,ACC79564,"-82.002338,111.235138"
198736,2024-05-05 03:34:07,ACC40287,2062.7,deposit,ACC84712,"83.579929,50.967037"
855454,2024-05-08 03:00:07,ACC64482,9931.3,transfer,ACC37221,"27.865397,-19.587421"
876605,2024-05-11 04:49:07,ACC87679,4970.56,deposit,ACC62677,"9.608333,129.980970"
794405,2024-04-25 19:13:07,ACC57324,2048.21,withdrawal,ACC10833,"-20.815811,-159.685969"
958507,2024-04-28 15:44:07,ACC89488,4345.62,transfer,ACC51081,"21.296866,25.032829"
859313,2024-05-05 00:38:07,ACC95306,2802.0,withdrawal,ACC86074,"-12.142546,-55.196223"
115358,2024-05-09 20:54:07,ACC83058,7331.34,deposit,ACC92243,"24.343261,-23.779433"
776083,2024-05-17 22:21:07,ACC61124,6977.29,withdrawal,ACC17253,"1.402489,-1.872230"
132418,2024-04-29 19:04:07,ACC88907,3626.91,withdrawal,ACC99675,"38.414732,24.265179"
797695,2024-04-26 13:32:07,ACC46656,6900.8,deposit,ACC72565,"-60.806746,-131.913789"
527927,2024-05-01 22:22:07,ACC24255,3781.82,transfer,ACC95489,"-55.901199,136.702528"
178232,2024-05-17 15:29:07,ACC66045,4927.93,deposit,ACC67442,"29.547765,67.882942"
109641,2024-05-05 19:34:07,ACC77656,6317.74,deposit,ACC74679,"21.694119,83.423812"
927626,2024-05-22 00:52:07,ACC70207,1572.94,withdrawal,ACC43519,"10.085827,24.321909"
530833,2024-04-27 00:10:07,ACC16805,6776.39,withdrawal,ACC90508,"41.308658,-75.408775"
669074,2024-05-17 04:36:07,ACC23425,7514.75,deposit,ACC47846,"67.368990,-2.953164"
992792,2024-04-26 15:19:07,ACC20332,348.02,transfer,ACC15356,"-55.827732,-143.266147"
602819,2024-05-09 07:09:07,ACC64441,7639.17,transfer,ACC39826,"35.718319,-65.068213"
132792,2024-05-23 00:44:07,ACC65346,9280.38,withdrawal,ACC75855,"3.980657,30.870793"
963844,2024-05-11 09:32:07,ACC68039,4726.42,transfer,ACC54487,"-13.793381,-16.353993"
485025,2024-05-01 04:00:07,ACC24086,3306.66,transfer,ACC51121,"20.638285,-82.626979"
391108,2024-05-14 00:17:07,ACC26063,9831.3,transfer,ACC87536,"-16.099741,116.043443"
928288,2024-05-16 21:48:07,ACC56747,3125.31,deposit,ACC53692,"26.900977,27.585701"
601144,2024-05-12 14:53:07,ACC51563,5275.62,withdrawal,ACC17118,"52.099761,-144.597557"
855237,2024-04-27 01:44:07,ACC95907,2696.0,transfer,ACC26516,"-82.841258,1.029773"
678703,2024-04-29 16:03:07,ACC16486,3779.74,transfer,ACC97953,"-73.254968,-50.083728"
606854,2024-05-13 06:24:07,ACC72942,3365.48,withdrawal,ACC64125,"-87.199166,130.672514"
925158,2024-05-10 02:09:07,ACC92246,9931.54,withdrawal,ACC67174,"41.615563,-123.626986"
510959,2024-04-29 02:08:07,ACC37242,8981.88,transfer,ACC80279,"16.551139,75.166938"
835365,2024-04-30 15:59:07,ACC94078,2329.19,withdrawal,ACC21988,"-38.976201,-18.466025"
983615,2024-05-06 04:18:07,ACC26108,7863.62,transfer,ACC49070,"-5.137850,-32.011450"
623294,2024-05-07 23:52:07,ACC76412,8205.56,withdrawal,ACC95437,"27.356022,74.089432"
520291,2024-05-19 16:22:07,ACC38721,5282.95,transfer,ACC20451,"28.819265,42.989805"
863736,2024-05-20 23:35:07,ACC69565,4965.96,withdrawal,ACC97970,"81.922596,95.122383"
339499,2024-04-27 22:58:07,ACC30782,9466.54,withdrawal,ACC49793,"42.794172,75.401909"
969569,2024-05-07 22:30:07,ACC45487,1973.51,withdrawal,ACC69487,"22.346152,-96.559353"
912473,2024-05-22 04:39:07,ACC49228,4840.83,deposit,ACC80619,"-9.696916,-96.693851"
487762,2024-05-17 09:21:07,ACC38141,206.89,withdrawal,ACC86834,"3.016122,-68.234416"
282066,2024-04-26 06:27:07,ACC69250,5221.15,transfer,ACC63903,"-82.593288,-0.473738"
599225,2024-05-06 20:41:07,ACC16892,8215.61,withdrawal,ACC82053,"44.131607,-62.380126"
668193,2024-05-03 19:19:07,ACC54659,2931.21,deposit,ACC19424,"-88.715709,21.719165"
660976,2024-04-27 01:52:07,ACC45513,6373.04,deposit,ACC75942,"-19.726778,-104.644296"
884481,2024-05-16 19:10:07,ACC78917,669.31,transfer,ACC44656,"-21.523307,18.241031"
468575,2024-05-22 13:43:07,ACC22788,4092.18,withdrawal,ACC23695,"82.561994,-141.566905"
128406,2024-05-12 00:49:07,ACC36790,5674.16,withdrawal,ACC71821,"51.691102,118.528089"
545220,2024-05-11 20:13:07,ACC19171,4061.37,deposit,ACC36630,"13.784734,-157.251968"
214687,2024-05-14 10:55:07,ACC76419,3234.33,deposit,ACC27152,"-19.246052,-138.295047"
850856,2024-05-03 02:11:07,ACC99277,3873.1,withdrawal,ACC47573,"11.897593,-72.672581"
295309,2024-04-24 00:34:07,ACC33863,1261.58,deposit,ACC80698,"-21.089469,122.823194"
906394,2024-05-20 10:07:07,ACC73977,5760.45,withdrawal,ACC18645,"30.413303,-13.872389"
152432,2024-05-03 19:33:07,ACC26098,5482.61,transfer,ACC62081,"70.275779,-138.559862"
708846,2024-05-14 11:43:07,ACC89373,3063.77,withdrawal,ACC32580,"-20.714164,125.654434"
765823,2024-04-26 13:19:07,ACC25105,4756.97,transfer,ACC66042,"5.555866,16.333516"
546290,2024-04-26 10:11:07,ACC75249,7364.95,transfer,ACC73239,"-86.913772,-70.439622"
803930,2024-05-09 15:49:07,ACC70058,2687.9,withdrawal,ACC82313,"-30.454040,-147.259262"
271316,2024-05-14 04:00:07,ACC47184,8680.96,deposit,ACC11166,"-56.320898,-174.072458"
591731,2024-04-28 14:08:07,ACC56752,3577.88,withdrawal,ACC51218,"76.622414,-79.728736"
620312,2024-05-23 06:08:07,ACC37129,6735.56,transfer,ACC21186,"-20.569338,131.863687"
220635,2024-05-07 03:37:07,ACC26096,4559.78,withdrawal,ACC14418,"56.208361,-156.682260"
451391,2024-04-27 22:14:07,ACC56362,6355.05,deposit,ACC54968,"-63.817136,-42.445780"
739385,2024-05-14 07:21:07,ACC20919,6968.52,withdrawal,ACC37094,"-51.765747,88.711749"
397677,2024-05-09 14:27:07,ACC68708,3088.26,deposit,ACC81943,"-9.872740,73.268825"
405644,2024-05-01 18:24:07,ACC52653,1332.93,withdrawal,ACC43667,"-7.324983,-87.445876"
954975,2024-04-29 11:55:07,ACC68474,1959.57,withdrawal,ACC35131,"86.504553,-169.330684"
614321,2024-05-06 00:05:07,ACC86668,2483.89,deposit,ACC99327,"80.455652,-11.462185"
827172,2024-05-16 14:57:07,ACC31859,7949.32,transfer,ACC25443,"-58.242300,100.719165"
560782,2024-05-06 22:35:07,ACC19034,9548.09,deposit,ACC94612,"67.695519,-171.652534"
798475,2024-04-23 23:07:07,ACC24007,5785.49,deposit,ACC75106,"32.428801,-147.122458"
816922,2024-04-26 19:16:07,ACC98010,8991.37,transfer,ACC87882,"-71.521561,-26.495875"
512839,2024-04-30 22:03:07,ACC53547,9852.51,withdrawal,ACC61064,"-76.284042,-147.503025"
116677,2024-05-03 10:22:07,ACC66766,944.85,withdrawal,ACC73662,"-7.656302,-117.600919"
503333,2024-04-27 00:18:07,ACC10861,4063.32,withdrawal,ACC51300,"10.067450,67.815224"
319772,2024-04-30 19:25:07,ACC46515,3723.96,deposit,ACC75237,"-71.432261,-105.782388"
243418,2024-05-18 09:31:07,ACC90419,578.09,withdrawal,ACC55301,"72.464434,-1.595695"
599113,2024-04-29 20:03:07,ACC33620,3169.83,withdrawal,ACC47317,"-9.388158,-134.200963"
433637,2024-04-24 18:46:07,ACC88943,7298.33,deposit,ACC75266,"-77.271477,-49.681321"
839035,2024-04-25 01:41:07,ACC73994,2036.85,withdrawal,ACC36778,"-69.372386,-14.315448"
253558,2024-05-16 00:21:07,ACC80067,8471.59,withdrawal,ACC30506,"32.267940,-28.249249"
699552,2024-04-29 12:19:07,ACC96221,8754.73,transfer,ACC57829,"-41.158696,36.252024"
198160,2024-04-26 16:02:07,ACC77029,580.22,transfer,ACC25136,"39.041304,9.943009"
932877,2024-04-30 04:09:07,ACC75995,965.05,withdrawal,ACC87334,"67.363887,-67.581957"
551494,2024-05-01 18:16:07,ACC38869,4387.42,deposit,ACC62793,"87.565436,-48.295628"
450765,2024-04-30 19:49:07,ACC75171,7448.48,withdrawal,ACC19943,"58.843970,-157.879409"
988357,2024-05-07 16:20:07,ACC28862,1837.7,deposit,ACC54781,"41.373287,-10.271933"
324726,2024-05-18 01:26:07,ACC39437,2972.3,withdrawal,ACC34608,"-32.944909,155.078023"
927782,2024-05-02 07:16:07,ACC41125,1543.38,withdrawal,ACC33021,"-60.419994,-123.861462"
742968,2024-05-04 23:12:07,ACC59880,275.9,deposit,ACC88970,"25.239708,50.192905"
286595,2024-04-24 04:45:07,ACC77999,7838.66,deposit,ACC55541,"-76.448582,50.994643"
824747,2024-05-10 12:00:07,ACC68733,5926.63,deposit,ACC58677,"-44.448976,98.027667"
176899,2024-05-07 11:21:07,ACC23192,4654.91,deposit,ACC92829,"-89.157140,71.966355"
892847,2024-04-25 14:33:07,ACC44277,1804.55,withdrawal,ACC85859,"66.202395,48.935540"
590752,2024-05-02 12:29:07,ACC84282,3025.66,withdrawal,ACC59381,"-5.591223,168.752861"
229441,2024-05-16 20:25:07,ACC49647,5630.44,withdrawal,ACC55966,"20.694426,69.987009"
374425,2024-05-09 06:09:07,ACC73168,5295.41,deposit,ACC91165,"-4.369832,84.348334"
719661,2024-05-01 14:10:07,ACC81773,2204.55,withdrawal,ACC59789,"-28.685189,86.720533"
988060,2024-05-11 16:37:07,ACC42297,2977.14,withdrawal,ACC63196,"88.029111,114.090234"
502568,2024-05-20 04:36:07,ACC45805,8993.62,deposit,ACC85167,"-30.641504,87.146839"
997050,2024-05-15 05:33:07,ACC13982,2215.62,transfer,ACC24919,"69.106030,55.377087"
995027,2024-05-22 16:02:07,ACC35274,8428.43,withdrawal,ACC63703,"18.486164,57.757461"
374020,2024-04-27 12:21:07,ACC31027,6304.49,withdrawal,ACC97245,"47.452893,102.743021"
501289,2024-05-15 16:24:07,ACC34347,6817.0,withdrawal,ACC96518,"32.844833,-55.976677"
698067,2024-05-05 16:13:07,ACC38490,7932.57,deposit,ACC63812,"-57.113512,57.848420"
242288,2024-05-18 11:48:07,ACC84032,5331.57,deposit,ACC37533,"83.100008,-84.878564"
201842,2024-05-06 20:15:07,ACC93787,6857.76,transfer,ACC19329,"14.569021,66.229082"
867996,2024-05-16 00:53:07,ACC85349,8164.67,deposit,ACC28964,"-82.066706,-25.209886"
112428,2024-05-02 12:23:07,ACC56570,5496.62,deposit,ACC95655,"45.972537,166.838253"
482696,2024-04-27 04:20:07,ACC71657,8388.54,deposit,ACC50995,"-88.048750,122.080358"
475077,2024-05-19 07:23:07,ACC57099,9517.11,deposit,ACC44285,"70.745510,96.108785"
749645,2024-04-29 13:37:07,ACC54617,545.96,withdrawal,ACC97439,"-15.577073,77.209017"
666050,2024-05-11 06:02:07,ACC44321,2277.78,deposit,ACC48731,"-50.820394,178.422843"
880574,2024-04-28 23:18:07,ACC21238,5300.47,transfer,ACC59881,"-2.858791,-149.005942"
331648,2024-05-08 09:31:07,ACC88850,3726.56,withdrawal,ACC37748,"49.478011,132.835255"
463659,2024-05-05 23:40:07,ACC79273,2635.9,deposit,ACC88132,"68.692989,-99.652708"
350569,2024-05-18 03:04:07,ACC99771,3257.24,deposit,ACC27941,"-72.793400,-17.602073"
471646,2024-05-05 17:25:07,ACC20813,105.22,withdrawal,ACC48277,"36.486538,-59.034251"
905905,2024-05-08 20:54:07,ACC63933,6601.96,withdrawal,ACC60932,"80.724885,-162.248519"
673084,2024-05-21 19:58:07,ACC61038,7257.13,withdrawal,ACC34652,"-58.354811,-84.510078"
105329,2024-05-21 15:55:07,ACC63589,549.51,transfer,ACC49375,"-42.889758,53.336295"
802427,2024-05-16 07:10:07,ACC38395,9308.51,withdrawal,ACC48384,"-26.812828,-113.902921"
496973,2024-04-30 19:01:07,ACC25729,9523.99,withdrawal,ACC12720,"89.597869,-39.500786"
474241,2024-05-07 19:36:07,ACC87389,6585.41,deposit,ACC25610,"-84.826891,-120.504915"
782682,2024-05-14 10:25:07,ACC74547,609.48,withdrawal,ACC70728,"-28.392527,105.416198"
702862,2024-05-12 15:24:07,ACC13207,9881.36,withdrawal,ACC37286,"-26.968152,-99.914887"
571161,2024-04-30 04:41:07,ACC30312,802.29,withdrawal,ACC65608,"78.201901,-163.504540"
651849,2024-05-08 15:21:07,ACC81120,3435.04,deposit,ACC21904,"-38.483943,-156.720279"
345625,2024-05-07 04:21:07,ACC61461,37.89,deposit,ACC98346,"23.439703,72.983304"
635901,2024-04-25 17:16:07,ACC33657,2970.39,withdrawal,ACC46480,"-46.145320,-43.184186"
482033,2024-04-26 14:02:07,ACC86058,9938.12,withdrawal,ACC44505,"-76.295716,40.996891"
262492,2024-05-08 19:21:07,ACC61813,8732.01,transfer,ACC93222,"-42.790905,5.441750"
196352,2024-05-19 15:12:07,ACC37716,4538.45,transfer,ACC43100,"-26.073365,-127.764384"
410493,2024-05-07 14:59:07,ACC93923,958.42,deposit,ACC64649,"-78.529067,155.462464"
818413,2024-05-02 21:32:07,ACC85969,4279.25,deposit,ACC61056,"-6.755485,-48.907545"
626696,2024-05-19 18:57:07,ACC53037,4954.9,transfer,ACC40888,"10.245256,-64.429349"
666530,2024-04-27 09:08:07,ACC23414,203.09,withdrawal,ACC17388,"-79.447149,105.236430"
425092,2024-05-19 02:53:07,ACC96766,3058.52,transfer,ACC17425,"20.411418,-114.381105"
257368,2024-05-13 15:26:07,ACC20996,6127.89,transfer,ACC30706,"-28.800550,-1.540467"
531317,2024-05-03 01:50:07,ACC15198,6481.4,withdrawal,ACC85461,"83.060468,147.248655"
476966,2024-05-14 23:33:07,ACC44380,4911.84,withdrawal,ACC76283,"-4.584588,-7.732453"
108151,2024-05-09 02:34:07,ACC27416,1348.35,withdrawal,ACC21415,"63.783307,80.564629"
230443,2024-05-06 11:07:07,ACC66494,1294.15,transfer,ACC48813,"-53.091541,-140.928837"
251014,2024-05-08 23:44:07,ACC56105,1205.73,transfer,ACC65920,"-48.055460,-125.414157"
822230,2024-05-03 17:08:07,ACC39600,4961.94,deposit,ACC22052,"-55.621163,-120.553052"
952387,2024-05-10 12:21:07,ACC94604,202.58,withdrawal,ACC14054,"-66.844743,-26.819266"
929367,2024-05-14 16:03:07,ACC77686,8438.3,transfer,ACC73807,"-1.295921,172.179396"
543735,2024-04-29 06:29:07,ACC21981,8305.82,withdrawal,ACC57293,"49.777316,136.008763"
640178,2024-05-16 12:37:07,ACC21625,332.57,transfer,ACC10280,"-5.042525,-177.279545"
669430,2024-05-15 03:16:07,ACC55723,6200.79,withdrawal,ACC53058,"27.749239,167.993919"
738226,2024-04-24 05:39:07,ACC43344,1702.04,deposit,ACC62449,"76.151070,-168.424215"
249315,2024-05-12 03:22:07,ACC85597,8214.81,deposit,ACC63823,"-51.628469,-128.499189"
638296,2024-04-24 01:29:07,ACC46898,9685.66,withdrawal,ACC48711,"20.822892,-37.239502"
372011,2024-05-20 06:46:07,ACC60878,7530.44,withdrawal,ACC42862,"4.172635,-156.811806"
436971,2024-05-19 07:18:07,ACC82894,4079.15,withdrawal,ACC20944,"48.712978,-38.680138"
479447,2024-05-22 07:17:07,ACC74710,4626.85,deposit,ACC76463,"-3.633620,177.125265"
162408,2024-04-24 22:26:07,ACC84432,6816.87,transfer,ACC66561,"77.918732,-130.411191"
203157,2024-05-18 11:17:07,ACC98709,4335.45,transfer,ACC93765,"-37.749039,-92.077383"
989791,2024-05-15 11:29:07,ACC95569,5044.21,deposit,ACC56635,"77.036602,94.658088"
827373,2024-04-27 10:59:07,ACC62951,3326.42,deposit,ACC64561,"-84.808947,-74.808877"
147617,2024-05-03 10:41:07,ACC94174,1489.31,transfer,ACC88413,"-15.484420,-109.164965"
206162,2024-05-08 03:40:07,ACC85663,5282.53,deposit,ACC64742,"25.896777,-151.378556"
742032,2024-05-09 10:07:07,ACC22532,567.05,transfer,ACC39084,"25.418788,-80.771155"
470865,2024-05-05 03:47:07,ACC60631,4280.52,transfer,ACC89325,"75.346171,-31.318523"
192252,2024-05-02 10:12:07,ACC86338,9965.8,transfer,ACC19895,"46.072776,-155.450968"
714438,2024-05-08 13:44:07,ACC34712,48.81,deposit,ACC93463,"-24.680772,-75.657864"
509865,2024-04-24 21:30:07,ACC56126,8464.5,deposit,ACC60257,"-21.139463,134.488041"
980033,2024-05-19 19:42:07,ACC41650,8081.3,withdrawal,ACC30108,"14.421207,64.658618"
683602,2024-05-18 23:07:07,ACC96229,3731.87,transfer,ACC65502,"33.833555,73.270972"
173159,2024-05-05 05:41:07,ACC44307,4803.92,withdrawal,ACC78167,"-22.218702,-171.427075"
696022,2024-04-25 23:02:07,ACC22563,7193.43,transfer,ACC83631,"-39.701782,-138.395588"
449873,2024-04-26 04:58:07,ACC87312,9509.26,deposit,ACC58900,"-83.387897,-15.295208"
645405,2024-05-03 09:09:07,ACC78337,7910.32,transfer,ACC81272,"40.177314,103.525790"
129184,2024-04-24 19:05:07,ACC32433,7360.43,withdrawal,ACC37740,"3.481792,8.508228"
118972,2024-05-15 11:38:07,ACC81547,8167.88,deposit,ACC41829,"30.776815,-46.544720"
792346,2024-05-15 16:14:07,ACC14868,3928.82,deposit,ACC16547,"-31.193370,-56.786010"
203156,2024-05-08 05:33:07,ACC46034,1770.62,transfer,ACC39511,"-77.346817,-137.045597"
427419,2024-04-29 07:57:07,ACC31923,6572.61,withdrawal,ACC17704,"-31.534752,-59.716795"
134103,2024-04-23 17:06:07,ACC34618,6640.69,deposit,ACC13224,"-3.602866,4.400200"
607970,2024-05-04 01:09:07,ACC17358,540.63,transfer,ACC26341,"2.805979,-148.293076"
722322,2024-05-04 03:30:07,ACC54235,3821.35,deposit,ACC66102,"23.078367,-52.984217"
286708,2024-05-05 15:47:07,ACC73815,773.24,deposit,ACC17781,"-6.304045,119.602291"
752025,2024-05-07 05:25:07,ACC43977,2928.16,withdrawal,ACC64921,"-4.587757,-150.675456"
307030,2024-04-28 21:56:07,ACC58679,6446.4,deposit,ACC20525,"9.538879,93.522329"
889288,2024-05-03 14:20:07,ACC42908,9885.95,deposit,ACC41532,"3.972904,78.154986"
864433,2024-04-27 22:27:07,ACC98899,9674.74,withdrawal,ACC57650,"67.257675,29.545688"
510490,2024-05-18 21:48:07,ACC42365,7116.04,withdrawal,ACC23524,"-49.421673,-158.861860"
468674,2024-04-29 23:43:07,ACC21986,6867.68,withdrawal,ACC81316,"12.887141,131.868927"
687575,2024-05-12 08:19:07,ACC34616,1648.83,transfer,ACC12383,"-41.160672,-26.283304"
413926,2024-05-09 00:05:07,ACC96553,5806.9,deposit,ACC60390,"3.928827,-78.097995"
107976,2024-05-02 16:07:07,ACC33318,6056.64,withdrawal,ACC28552,"77.014386,177.437859"
486508,2024-04-29 21:01:07,ACC67483,9477.06,transfer,ACC13889,"-40.544806,28.690472"
236050,2024-04-28 11:33:07,ACC90491,1810.12,withdrawal,ACC47934,"-61.211512,178.740711"
532655,2024-05-02 23:58:07,ACC41861,8178.3,deposit,ACC47808,"30.613252,156.478328"
771112,2024-05-02 10:42:07,ACC29913,5437.69,withdrawal,ACC91456,"-4.828139,-143.019505"
762164,2024-05-09 05:10:07,ACC45885,7038.84,withdrawal,ACC39249,"-55.144737,102.396556"
567737,2024-05-18 20:08:07,ACC56566,5219.85,deposit,ACC30203,"83.406817,-78.253775"
466787,2024-04-30 22:21:07,ACC31806,2951.12,deposit,ACC14614,"84.599012,-164.157670"
866591,2024-05-02 16:52:07,ACC92581,2035.67,transfer,ACC78398,"-41.678119,-6.042837"
876352,2024-05-15 02:55:07,ACC75933,9738.68,deposit,ACC26023,"-34.908458,-112.347309"
318281,2024-05-04 11:54:07,ACC32366,9059.51,deposit,ACC49201,"-20.151612,-20.488318"
372327,2024-05-23 03:59:07,ACC77991,9716.98,transfer,ACC81586,"-43.376016,-45.158549"
649559,2024-04-27 22:17:07,ACC45869,1071.53,deposit,ACC42180,"71.503720,-34.211898"
535216,2024-05-15 19:48:07,ACC93465,4155.02,deposit,ACC77858,"-63.150539,100.609071"
485525,2024-05-03 11:18:07,ACC84646,7581.92,withdrawal,ACC90195,"-12.342059,10.316813"
948969,2024-05-16 01:43:07,ACC48557,3134.18,transfer,ACC41185,"-51.841048,84.853393"
707421,2024-05-02 11:26:07,ACC54104,1725.0,transfer,ACC19434,"-12.273933,-32.593687"
388695,2024-05-18 00:13:07,ACC98198,6323.09,deposit,ACC45035,"50.284122,-98.903941"
814634,2024-05-17 13:29:07,ACC55933,731.76,deposit,ACC56790,"24.319809,39.415057"
317241,2024-05-17 03:38:07,ACC94733,9713.98,transfer,ACC53174,"16.993738,-138.403396"
391490,2024-04-26 21:40:07,ACC39343,1828.52,transfer,ACC24232,"-85.229663,58.318255"
719002,2024-04-25 13:09:07,ACC51150,527.86,withdrawal,ACC56660,"33.654302,75.361348"
973252,2024-05-08 04:17:07,ACC87471,3030.04,withdrawal,ACC84882,"69.279123,48.446167"
196802,2024-04-26 03:36:07,ACC67120,8602.25,deposit,ACC90798,"-21.762731,-92.591851"
475530,2024-05-17 14:03:07,ACC90997,7534.92,transfer,ACC21927,"-15.722963,26.673927"
792330,2024-05-01 23:00:07,ACC28649,5508.25,transfer,ACC74957,"18.965232,-88.874780"
847460,2024-05-04 20:55:07,ACC88235,6767.57,transfer,ACC65364,"-22.632858,64.210587"
887557,2024-04-30 23:24:07,ACC53819,2661.48,deposit,ACC52426,"39.805504,171.737877"
809836,2024-05-08 11:36:07,ACC17576,5355.11,transfer,ACC76656,"-44.671483,133.596397"
414397,2024-05-14 17:01:07,ACC27998,9867.4,transfer,ACC39720,"-30.542755,-126.241325"
483403,2024-04-29 22:41:07,ACC61506,6434.76,withdrawal,ACC49270,"-8.059869,97.075414"
375062,2024-04-29 15:48:07,ACC23839,3473.2,transfer,ACC51721,"-16.773380,68.319204"
644353,2024-04-25 05:49:07,ACC83493,6365.13,transfer,ACC77155,"-42.760506,-57.432120"
632422,2024-04-26 22:21:07,ACC96934,1502.63,transfer,ACC16664,"-60.192291,-157.390016"
791535,2024-05-20 19:49:07,ACC69806,7419.44,transfer,ACC94712,"-59.815078,95.226893"
573220,2024-05-19 06:11:07,ACC76654,8318.21,withdrawal,ACC45355,"46.058968,110.563425"
830489,2024-04-23 19:47:07,ACC86676,7326.41,withdrawal,ACC27012,"19.889853,124.490639"
459939,2024-05-11 13:06:07,ACC69410,500.62,deposit,ACC99881,"-47.695066,-156.199459"
415738,2024-04-25 14:41:07,ACC10411,8790.11,transfer,ACC47226,"58.103369,80.916870"
449105,2024-05-01 19:20:07,ACC71396,5876.16,deposit,ACC98572,"5.559618,-108.071073"
402186,2024-04-25 17:09:07,ACC78925,1661.54,deposit,ACC37324,"-40.709193,155.087823"
368688,2024-04-23 22:21:07,ACC34405,5346.74,deposit,ACC63981,"62.899929,-76.686909"
432902,2024-05-09 14:24:07,ACC42177,8681.09,withdrawal,ACC40130,"20.187564,147.316747"
611504,2024-05-22 09:29:07,ACC27243,7665.44,transfer,ACC91858,"30.807224,41.467126"
364764,2024-05-06 18:53:07,ACC96561,3291.84,transfer,ACC62954,"-57.471525,-26.913172"
875282,2024-05-01 01:44:07,ACC69520,7306.77,deposit,ACC74261,"-78.853196,162.336933"
147176,2024-05-20 21:59:07,ACC73309,5357.28,transfer,ACC87678,"-82.099628,-9.616443"
341543,2024-05-04 16:58:07,ACC81519,6480.45,withdrawal,ACC48059,"-2.680787,38.042128"
643765,2024-05-13 15:52:07,ACC79847,5839.72,transfer,ACC77828,"-77.404167,15.856777"
907248,2024-05-06 23:41:07,ACC14448,2690.66,transfer,ACC46275,"82.360172,-104.320508"
940725,2024-05-12 19:43:07,ACC31314,8186.22,deposit,ACC23281,"12.280140,101.200133"
622451,2024-05-18 23:43:07,ACC46785,8309.39,deposit,ACC43864,"-25.628868,-106.610737"
499064,2024-05-02 21:16:07,ACC22212,4479.5,deposit,ACC26826,"-59.428544,-61.637693"
531860,2024-05-04 19:18:07,ACC75157,2640.4,withdrawal,ACC27672,"39.901413,-97.866308"
698545,2024-05-21 10:33:07,ACC39592,6539.79,withdrawal,ACC79356,"58.642422,-4.640716"
318197,2024-05-07 20:02:07,ACC28668,3288.25,withdrawal,ACC73400,"42.074586,-78.620433"
955930,2024-04-24 06:18:07,ACC41609,3821.06,deposit,ACC16441,"-82.556717,-113.478575"
199246,2024-05-04 00:55:07,ACC46156,4957.33,withdrawal,ACC48262,"-88.740801,-96.571075"
677062,2024-05-12 06:41:07,ACC51967,8459.18,transfer,ACC26040,"74.451438,105.486013"
994504,2024-05-17 01:30:07,ACC19588,1222.36,transfer,ACC65839,"-82.607897,78.167179"
296241,2024-05-18 00:23:07,ACC32434,3361.16,withdrawal,ACC60820,"20.210024,157.349240"
587886,2024-05-21 19:07:07,ACC12772,1081.77,deposit,ACC26878,"7.786933,152.933657"
930000,2024-05-01 19:48:07,ACC93434,7752.93,withdrawal,ACC55534,"-82.191324,-19.397686"
788116,2024-05-08 12:07:07,ACC91941,980.06,transfer,ACC40860,"85.015099,-99.842780"
778381,2024-05-21 18:26:07,ACC50055,1173.18,withdrawal,ACC57287,"69.583443,89.494885"
318948,2024-04-25 06:26:07,ACC53952,306.47,withdrawal,ACC94498,"77.763235,-126.790254"
146437,2024-05-06 07:12:07,ACC15743,2481.71,withdrawal,ACC73114,"-59.046048,26.803268"
342390,2024-04-29 17:06:07,ACC64341,4495.92,deposit,ACC80261,"-36.542012,135.470044"
220842,2024-05-20 04:17:07,ACC70856,3457.38,transfer,ACC35886,"7.166610,101.807705"
663853,2024-05-19 23:49:07,ACC81691,7244.03,deposit,ACC66480,"16.537643,143.731480"
185430,2024-04-28 20:02:07,ACC95820,428.26,deposit,ACC74633,"9.431979,-108.611404"
992308,2024-05-05 15:09:07,ACC97846,996.73,withdrawal,ACC90792,"-17.423191,176.315017"
380174,2024-05-07 00:06:07,ACC27432,7715.79,withdrawal,ACC24929,"-41.777804,2.074205"
484480,2024-04-29 03:05:07,ACC74999,3658.89,transfer,ACC86801,"24.220695,58.753012"
979833,2024-05-12 19:15:07,ACC55394,8706.98,withdrawal,ACC41231,"-54.852853,-176.740861"
740335,2024-05-13 07:23:07,ACC45118,8482.27,withdrawal,ACC68848,"2.793965,102.899121"
980148,2024-05-05 13:22:07,ACC28116,4124.82,transfer,ACC28189,"37.800239,-84.604969"
424913,2024-05-22 13:00:07,ACC17718,5490.51,deposit,ACC19486,"34.550075,56.783537"
678701,2024-05-05 21:44:07,ACC71389,5415.02,withdrawal,ACC26779,"89.844683,124.338409"
155414,2024-05-02 23:17:07,ACC54524,7866.24,deposit,ACC26274,"-73.527428,135.104516"
162897,2024-05-08 13:49:07,ACC43009,4188.44,withdrawal,ACC60669,"-33.828907,178.937713"
717198,2024-04-28 04:51:07,ACC57994,725.46,deposit,ACC24535,"-88.333496,13.832569"
886346,2024-05-03 11:05:07,ACC19077,4871.76,withdrawal,ACC98509,"-80.985915,80.975456"
933326,2024-05-18 11:11:07,ACC44840,6877.12,deposit,ACC52131,"-10.773103,-179.770510"
747739,2024-05-05 21:47:07,ACC96293,8801.91,transfer,ACC87476,"-54.664228,44.886079"
503473,2024-05-02 02:30:07,ACC86193,2811.7,deposit,ACC71797,"-63.624444,102.760608"
263378,2024-05-06 07:03:07,ACC56941,3840.29,transfer,ACC56435,"-78.450272,108.863761"
673166,2024-05-14 06:31:07,ACC32607,5823.85,transfer,ACC44675,"36.800032,-19.479298"
182618,2024-05-03 13:03:07,ACC96951,6914.06,transfer,ACC55068,"-16.705954,-63.746260"
194740,2024-04-26 08:24:07,ACC53213,9571.58,transfer,ACC33927,"-44.927125,3.239786"
298630,2024-05-04 03:41:07,ACC27128,2821.24,deposit,ACC63085,"83.383487,27.527445"
836667,2024-05-13 07:42:07,ACC77915,9206.69,withdrawal,ACC23124,"-83.471442,-1.023031"
630916,2024-05-07 12:27:07,ACC27054,7331.1,transfer,ACC56834,"-27.771458,35.337060"
644529,2024-04-27 04:35:07,ACC97687,6202.45,transfer,ACC23444,"58.372747,-3.527207"
589882,2024-05-11 19:42:07,ACC82128,7802.28,transfer,ACC37676,"69.847437,-151.829681"
708838,2024-05-17 18:43:07,ACC40315,658.09,withdrawal,ACC41050,"6.443646,-164.619849"
844015,2024-05-20 18:12:07,ACC66942,2198.59,withdrawal,ACC86416,"-19.498164,-49.084100"
230116,2024-05-15 04:46:07,ACC47602,2715.33,withdrawal,ACC32534,"-25.939457,117.990987"
720491,2024-05-12 09:35:07,ACC88634,9701.03,transfer,ACC35254,"19.158893,-149.871573"
141917,2024-04-23 22:00:07,ACC55319,8071.26,withdrawal,ACC94116,"75.532783,129.577235"
138764,2024-05-22 22:57:07,ACC92416,9322.36,deposit,ACC46519,"84.236971,-138.203114"
103573,2024-05-05 12:20:07,ACC50926,9439.45,transfer,ACC17349,"-42.148382,-4.754479"
458862,2024-05-09 18:39:07,ACC39081,4139.76,deposit,ACC98580,"44.420127,-66.022761"
565267,2024-05-23 08:55:07,ACC63092,8496.66,deposit,ACC35975,"29.989602,95.357139"
787179,2024-04-27 15:16:07,ACC16697,5295.24,deposit,ACC12954,"-11.092568,164.847683"
242322,2024-05-19 08:03:07,ACC96611,163.93,transfer,ACC15335,"-17.281910,179.622506"
724624,2024-04-30 12:31:07,ACC33984,1533.08,withdrawal,ACC53962,"77.144493,-32.966675"
112927,2024-05-04 04:22:07,ACC30932,6806.07,transfer,ACC15023,"9.873898,136.358254"
994288,2024-05-02 12:43:07,ACC32037,4216.65,withdrawal,ACC46239,"-67.462536,143.091606"
877040,2024-04-25 15:15:07,ACC71434,4961.33,deposit,ACC56750,"49.982991,-43.243948"
197596,2024-04-30 11:42:07,ACC39779,7903.26,transfer,ACC66934,"-71.126262,10.865764"
231886,2024-05-21 11:14:07,ACC13711,8194.2,withdrawal,ACC91621,"-76.948473,-156.967320"
964605,2024-05-19 14:43:07,ACC55468,7787.28,transfer,ACC64471,"-72.804528,24.549775"
636011,2024-04-25 12:59:07,ACC40677,4847.83,deposit,ACC38633,"25.904949,111.322227"
293180,2024-05-06 13:24:07,ACC50137,851.38,withdrawal,ACC45109,"-12.593637,-164.420446"
904183,2024-04-26 14:37:07,ACC52226,9548.44,transfer,ACC43473,"86.501869,170.465455"
332389,2024-05-06 17:24:07,ACC25605,7491.31,withdrawal,ACC47170,"78.136903,122.305928"
238170,2024-05-08 08:49:07,ACC68063,6561.65,deposit,ACC27640,"-77.755784,-119.199095"
697742,2024-05-10 10:22:07,ACC31971,4391.14,deposit,ACC72276,"-0.620409,11.183899"
650144,2024-05-05 11:24:07,ACC46885,5451.01,deposit,ACC32640,"-83.214794,28.215155"
616325,2024-05-15 12:06:07,ACC98584,171.05,deposit,ACC31838,"6.988964,-71.353276"
455226,2024-05-19 10:53:07,ACC37569,8777.23,deposit,ACC97784,"68.706683,-30.568836"
241507,2024-05-11 01:26:07,ACC90654,8737.35,withdrawal,ACC28907,"58.132612,168.333512"
832721,2024-05-18 20:02:07,ACC20104,252.19,deposit,ACC21986,"-29.206729,-94.389775"
925841,2024-05-04 05:16:07,ACC92618,2115.44,deposit,ACC89040,"56.753447,133.474861"
533037,2024-05-10 07:55:07,ACC56868,5629.98,withdrawal,ACC35119,"0.220179,79.405221"
472565,2024-05-03 00:25:07,ACC96869,5093.56,transfer,ACC66138,"85.341743,-14.671912"
826315,2024-05-20 07:33:07,ACC55730,7235.62,transfer,ACC51333,"89.294042,-49.014489"
937126,2024-04-26 05:22:07,ACC79126,706.14,withdrawal,ACC44005,"84.229539,64.383636"
654827,2024-04-23 14:43:07,ACC28697,9810.84,deposit,ACC38539,"-80.101896,146.693081"
453526,2024-04-27 10:55:07,ACC52171,1904.63,transfer,ACC90343,"60.495005,-94.481774"
573899,2024-05-07 05:35:07,ACC12595,1154.9,withdrawal,ACC42535,"71.569922,-0.652536"
468167,2024-05-20 21:22:07,ACC15319,7422.99,deposit,ACC22406,"-72.668423,-106.784393"
573765,2024-05-01 14:25:07,ACC66906,1432.61,withdrawal,ACC40355,"-18.755186,-87.994187"
664127,2024-05-22 11:18:07,ACC40660,3778.15,transfer,ACC15534,"25.036920,40.886719"
936663,2024-04-23 12:01:07,ACC33306,7244.1,transfer,ACC68355,"-48.387004,-83.364276"
811870,2024-04-27 02:51:07,ACC37192,7679.62,deposit,ACC77210,"-23.146266,161.912198"
976135,2024-05-19 15:17:07,ACC95235,1628.15,deposit,ACC36031,"30.817872,-47.706898"
938240,2024-05-15 04:08:07,ACC12966,8461.93,withdrawal,ACC96727,"62.029127,-24.729205"
170171,2024-04-25 00:19:07,ACC32348,2800.31,transfer,ACC42228,"75.871479,-168.018715"
524882,2024-05-11 15:25:07,ACC63240,493.74,withdrawal,ACC15239,"0.285090,97.823216"
225038,2024-04-26 20:27:07,ACC96650,9717.85,transfer,ACC40969,"83.917225,8.827076"
543163,2024-05-15 01:27:07,ACC50422,5409.69,withdrawal,ACC29350,"-64.661341,152.303519"
783002,2024-05-11 16:19:07,ACC49197,2814.85,deposit,ACC42380,"48.763658,28.764234"
992629,2024-04-23 23:51:07,ACC51609,3479.74,deposit,ACC13093,"-1.955418,-157.242890"
709913,2024-05-17 14:30:07,ACC19744,6719.03,withdrawal,ACC88178,"54.929113,87.363440"
226139,2024-05-03 17:03:07,ACC63856,1406.5,transfer,ACC46492,"8.483181,175.549532"
260009,2024-04-25 21:16:07,ACC96105,2353.41,withdrawal,ACC33601,"-49.905792,103.086648"
447699,2024-04-28 07:58:07,ACC79008,3063.48,deposit,ACC65012,"-28.576566,36.509225"
616867,2024-05-21 10:23:07,ACC39445,9383.54,deposit,ACC16926,"2.316291,-131.555605"
440190,2024-05-14 21:48:07,ACC51482,9172.95,deposit,ACC81091,"-88.904153,137.302448"
978481,2024-05-17 19:06:07,ACC65828,2598.89,withdrawal,ACC15488,"59.699211,-5.631460"
339739,2024-04-27 19:53:07,ACC75960,9761.7,withdrawal,ACC10679,"89.487548,26.840355"
847366,2024-04-29 00:50:07,ACC10452,7970.44,transfer,ACC66067,"32.684305,103.516600"
415783,2024-05-08 20:31:07,ACC68145,3269.38,withdrawal,ACC99246,"-8.505577,111.947489"
657915,2024-05-02 22:34:07,ACC24752,3691.62,withdrawal,ACC53938,"-38.704103,96.525138"
265465,2024-04-30 10:14:07,ACC86356,7979.53,transfer,ACC54423,"70.744955,-101.558086"
244372,2024-05-21 04:18:07,ACC80946,9111.8,deposit,ACC26175,"-54.392930,-157.353757"
167234,2024-05-04 22:48:07,ACC56271,22.94,transfer,ACC81182,"32.154482,177.598672"
354173,2024-05-09 14:19:07,ACC15447,7814.44,deposit,ACC22369,"-40.466050,-33.396716"
194184,2024-05-18 14:00:07,ACC30482,297.62,deposit,ACC50595,"82.153407,16.326193"
208737,2024-05-22 11:52:07,ACC88968,1780.23,transfer,ACC32657,"46.820808,-67.225804"
689721,2024-05-06 08:33:07,ACC74635,3330.78,withdrawal,ACC95613,"-47.920712,160.907979"
928957,2024-05-14 19:56:07,ACC51907,922.0,transfer,ACC11957,"22.639577,24.092283"
600392,2024-04-26 21:41:07,ACC18370,6800.84,transfer,ACC45306,"82.949163,-159.757494"
544589,2024-05-21 14:32:07,ACC18170,3871.98,withdrawal,ACC55812,"-27.127039,-168.457163"
752654,2024-05-13 20:42:07,ACC66993,5754.48,transfer,ACC66907,"40.238637,60.016905"
209646,2024-05-11 04:36:07,ACC47746,7167.53,withdrawal,ACC44701,"57.202011,-33.412144"
585506,2024-05-19 02:52:07,ACC43238,6963.34,withdrawal,ACC24738,"-13.255742,110.900323"
534886,2024-04-27 18:40:07,ACC55754,7573.15,transfer,ACC19470,"-22.287779,-73.453372"
505973,2024-05-19 08:55:07,ACC35367,7472.5,transfer,ACC36609,"-10.268948,30.704850"
759364,2024-05-18 11:50:07,ACC40550,379.29,transfer,ACC18072,"-74.849106,35.829583"
342321,2024-05-07 02:17:07,ACC82420,5104.07,withdrawal,ACC46004,"45.180515,-23.637798"
244215,2024-05-02 00:23:07,ACC83938,8979.28,withdrawal,ACC93733,"3.902292,-106.358872"
579622,2024-05-02 08:25:07,ACC17957,3534.38,withdrawal,ACC37692,"80.731445,-43.325512"
810544,2024-05-02 15:21:07,ACC85020,7780.63,withdrawal,ACC50122,"53.427118,-62.469078"
954365,2024-05-11 19:59:07,ACC97601,9115.25,transfer,ACC60957,"57.267629,53.558683"
968859,2024-05-22 23:08:07,ACC40056,4457.09,withdrawal,ACC49945,"54.783189,-20.869973"
185254,2024-05-07 08:44:07,ACC92183,6899.58,withdrawal,ACC18276,"-78.196007,73.627836"
850233,2024-05-13 16:29:07,ACC63163,1003.76,transfer,ACC51477,"-21.087822,100.736018"
822659,2024-05-21 16:02:07,ACC44421,8948.5,transfer,ACC82547,"9.124445,168.006943"
843224,2024-05-11 02:29:07,ACC30777,6072.56,transfer,ACC74597,"61.501600,-178.935217"
813645,2024-04-23 18:08:07,ACC58468,6527.79,transfer,ACC42040,"-72.169686,-19.274739"
153067,2024-04-28 15:49:07,ACC63206,3228.23,deposit,ACC31397,"-65.064758,-172.101881"
706734,2024-04-29 00:28:07,ACC30316,3885.5,transfer,ACC81297,"-15.780880,86.459714"
960178,2024-04-27 15:44:07,ACC43292,26.81,withdrawal,ACC97340,"-8.231414,-113.515209"
572276,2024-05-15 13:10:07,ACC96822,5105.98,deposit,ACC72714,"-12.726898,-154.720516"
615299,2024-04-23 16:00:07,ACC41014,8085.92,transfer,ACC78570,"-23.051584,157.687195"
985006,2024-04-24 20:45:07,ACC66742,6025.34,transfer,ACC16621,"-23.115222,-7.482799"
416453,2024-05-15 12:41:07,ACC27659,840.11,transfer,ACC53818,"87.909500,89.744739"
641626,2024-05-15 21:40:07,ACC33736,2538.29,deposit,ACC41787,"87.267294,9.068402"
158311,2024-05-22 06:45:07,ACC91497,8965.35,deposit,ACC65281,"-76.976097,-37.040135"
284657,2024-05-05 03:39:07,ACC61752,7196.45,deposit,ACC85818,"79.659839,12.485687"
872950,2024-05-20 06:39:07,ACC80217,4142.34,deposit,ACC43398,"6.678774,-179.017477"
347951,2024-05-01 06:00:07,ACC90150,8997.36,deposit,ACC53288,"-37.196675,158.873007"
692065,2024-04-24 13:44:07,ACC25761,2392.94,withdrawal,ACC43107,"34.952410,100.621579"
509358,2024-04-28 15:32:07,ACC31103,5874.14,deposit,ACC97462,"66.348524,138.433840"
666967,2024-04-30 18:41:07,ACC32446,201.29,withdrawal,ACC22176,"-71.282018,-58.474738"
849137,2024-05-07 12:03:07,ACC86579,3648.51,deposit,ACC25737,"-25.291260,-91.066234"
116997,2024-05-08 14:29:07,ACC67308,3250.4,deposit,ACC46806,"-67.152498,32.342596"
990555,2024-04-29 19:58:07,ACC28608,6319.19,transfer,ACC33489,"24.380933,142.938442"
623066,2024-05-13 23:35:07,ACC52316,8817.8,withdrawal,ACC11985,"17.351053,173.490660"
682561,2024-05-21 19:51:07,ACC93714,9152.25,deposit,ACC17688,"-51.141427,123.019919"
522620,2024-05-04 23:33:07,ACC41719,124.17,transfer,ACC62382,"55.006878,-39.103458"
851515,2024-05-16 10:17:07,ACC55533,3503.48,withdrawal,ACC42300,"-38.060157,-10.359906"
811793,2024-05-20 10:07:07,ACC74535,6488.41,transfer,ACC58932,"63.244376,-25.841256"
928890,2024-05-10 01:27:07,ACC81663,9749.76,deposit,ACC19331,"28.040335,12.863981"
787540,2024-05-15 12:08:07,ACC74298,8291.87,deposit,ACC16978,"60.912437,83.762773"
215384,2024-04-28 10:13:07,ACC58303,7076.78,transfer,ACC33640,"70.160922,149.446412"
553399,2024-04-26 11:45:07,ACC19444,248.73,deposit,ACC61048,"-77.967640,11.956508"
153145,2024-05-18 23:51:07,ACC44116,478.42,deposit,ACC91295,"51.533092,149.656381"
441235,2024-05-07 11:59:07,ACC77228,3497.76,transfer,ACC49400,"-89.879851,-43.147172"
565789,2024-05-07 03:52:07,ACC23451,1992.74,deposit,ACC96839,"-18.267183,129.818773"
530092,2024-05-08 01:16:07,ACC14368,3479.68,withdrawal,ACC86009,"65.677503,140.583960"
594137,2024-05-19 20:02:07,ACC24448,2778.56,transfer,ACC48498,"77.775341,-92.314275"
153367,2024-05-18 07:40:07,ACC45502,7033.78,transfer,ACC65303,"31.890603,48.651619"
365164,2024-04-23 16:19:07,ACC66430,754.62,withdrawal,ACC58151,"73.153251,39.619006"
456889,2024-04-25 23:17:07,ACC61752,5199.35,deposit,ACC25407,"-9.453389,120.859017"
618241,2024-05-13 19:09:07,ACC51828,8001.54,deposit,ACC26923,"-80.903721,-2.870706"
594147,2024-04-25 18:51:07,ACC41658,274.59,withdrawal,ACC65936,"49.185672,13.559656"
182695,2024-05-11 09:05:07,ACC86764,1481.09,deposit,ACC91589,"35.962025,-118.887598"
400897,2024-05-13 19:31:07,ACC24946,1229.94,withdrawal,ACC52400,"-53.758343,-147.804612"
256578,2024-04-27 06:03:07,ACC59865,7497.82,transfer,ACC52066,"-78.480485,-23.947455"
198571,2024-05-08 19:08:07,ACC35402,1320.5,transfer,ACC60625,"48.497898,101.418776"
875479,2024-05-20 05:35:07,ACC32557,2617.86,deposit,ACC97376,"-33.736922,-108.821606"
486494,2024-05-23 01:40:07,ACC10387,2672.59,transfer,ACC43807,"4.741609,16.448753"
319645,2024-05-08 13:35:07,ACC13037,3367.84,deposit,ACC90227,"14.969988,27.548152"
796320,2024-05-16 23:54:07,ACC12281,3402.15,deposit,ACC33456,"74.413710,75.467007"
138774,2024-05-16 11:52:07,ACC29910,6989.38,transfer,ACC72284,"-62.288242,-158.537678"
401132,2024-05-15 04:17:07,ACC88079,6011.63,withdrawal,ACC60740,"44.372336,-74.967713"
124110,2024-04-25 12:34:07,ACC12667,2076.67,withdrawal,ACC13453,"-9.670708,-116.204736"
897891,2024-04-30 14:53:07,ACC29519,3512.37,deposit,ACC95720,"66.442949,114.849079"
811172,2024-04-29 10:44:07,ACC45472,5225.8,deposit,ACC32119,"6.270316,-131.037817"
834030,2024-05-18 17:21:07,ACC25848,3260.85,transfer,ACC89226,"-14.329687,-105.587504"
362107,2024-04-30 07:07:07,ACC69314,7786.21,withdrawal,ACC55177,"-53.836695,-71.576104"
571101,2024-05-14 07:16:07,ACC79994,7042.76,deposit,ACC45333,"70.452440,32.302994"
362384,2024-05-01 22:18:07,ACC27010,5546.27,deposit,ACC51696,"-41.756148,-62.688902"
918455,2024-04-27 01:22:07,ACC66223,4708.52,withdrawal,ACC93416,"-8.761249,17.466145"
292375,2024-05-23 03:43:07,ACC63636,4614.7,deposit,ACC11232,"-36.842941,-170.814836"
925177,2024-05-21 16:15:07,ACC73611,1608.31,transfer,ACC60534,"-47.365938,-4.005251"
244207,2024-05-14 15:57:07,ACC93766,2864.9,deposit,ACC79056,"-12.868940,-38.823199"
687689,2024-05-03 12:21:07,ACC77102,3676.97,transfer,ACC93046,"-36.039850,101.744254"
507363,2024-04-25 18:03:07,ACC25159,6071.68,withdrawal,ACC35984,"-1.987449,47.636799"
796880,2024-05-05 11:31:07,ACC84542,4972.6,deposit,ACC23570,"58.293768,1.907433"
752606,2024-05-10 03:20:07,ACC98167,3585.61,deposit,ACC54120,"25.839510,154.249257"
604052,2024-05-22 01:43:07,ACC68323,3290.18,deposit,ACC64482,"-84.111211,178.584449"
537097,2024-04-26 09:56:07,ACC91337,3155.44,transfer,ACC75079,"38.673794,-28.179012"
431503,2024-05-06 01:31:07,ACC73344,1213.81,deposit,ACC58177,"-4.102659,-91.381379"
417060,2024-05-06 13:55:07,ACC57040,3843.21,transfer,ACC73249,"-5.621349,-34.323498"
540730,2024-05-15 13:23:07,ACC21939,9478.76,deposit,ACC96326,"-69.046760,49.976448"
409085,2024-04-30 08:50:07,ACC48279,3564.82,transfer,ACC82286,"34.177176,-70.473226"
738073,2024-05-01 19:44:07,ACC61162,656.17,withdrawal,ACC63194,"-62.705187,-150.402635"
660887,2024-05-20 13:43:07,ACC28999,1868.13,deposit,ACC30810,"-35.289919,-134.968558"
421759,2024-04-26 22:29:07,ACC43779,9596.71,transfer,ACC27600,"-61.325892,-131.213745"
456370,2024-05-22 01:03:07,ACC56202,3411.35,withdrawal,ACC64242,"49.510517,-44.421915"
925949,2024-04-28 19:04:07,ACC41278,4873.66,withdrawal,ACC58693,"-85.532822,7.531601"
466929,2024-05-20 21:15:07,ACC73657,535.89,transfer,ACC94006,"-40.232588,121.321744"
861213,2024-05-05 08:57:07,ACC26700,792.58,transfer,ACC29017,"65.151701,165.565010"
414800,2024-05-17 07:59:07,ACC52390,3084.15,transfer,ACC75710,"-73.961017,103.900735"
255722,2024-05-05 03:18:07,ACC21040,3523.92,withdrawal,ACC79586,"65.531970,-110.941026"
979973,2024-04-29 14:14:07,ACC15138,2220.07,deposit,ACC43115,"1.381479,-86.460693"
151635,2024-05-08 12:19:07,ACC78442,7115.43,withdrawal,ACC47457,"44.307200,102.198038"
546483,2024-05-16 10:09:07,ACC63460,1231.67,transfer,ACC97102,"63.757377,-145.948084"
982809,2024-05-16 15:48:07,ACC44067,7919.82,transfer,ACC71497,"13.470069,-113.011226"
308532,2024-05-22 02:14:07,ACC16223,3535.27,withdrawal,ACC34061,"70.770892,-50.931573"
549824,2024-05-23 04:31:07,ACC19436,8234.41,withdrawal,ACC45991,"-31.746266,92.349718"
634091,2024-04-25 18:49:07,ACC62246,6875.39,deposit,ACC87608,"-76.014452,74.951348"
791468,2024-04-28 19:04:07,ACC33899,2336.37,deposit,ACC63766,"59.190851,-77.513474"
660524,2024-05-18 04:22:07,ACC42615,1126.92,deposit,ACC13850,"-29.273251,79.712496"
824158,2024-05-15 08:45:07,ACC11247,9599.54,transfer,ACC55665,"-36.398177,76.518296"
944012,2024-05-06 06:29:07,ACC28759,7700.97,withdrawal,ACC75849,"63.923578,157.290715"
509685,2024-05-22 03:29:07,ACC60111,2132.35,deposit,ACC26617,"-15.808552,51.782066"
243247,2024-05-19 03:27:07,ACC87172,9299.9,withdrawal,ACC20088,"45.469051,8.407223"
878522,2024-05-04 02:50:07,ACC23222,7280.01,transfer,ACC39717,"65.577728,94.893840"
557314,2024-05-02 17:53:07,ACC25224,6397.44,transfer,ACC22032,"80.097395,107.093671"
628359,2024-04-30 22:43:07,ACC29918,8461.5,deposit,ACC98496,"-9.691349,120.603915"
398200,2024-05-08 00:07:07,ACC32994,7279.16,transfer,ACC56463,"4.846505,153.657374"
621320,2024-05-19 00:57:07,ACC96282,4674.2,deposit,ACC52222,"21.955710,96.562133"
487879,2024-04-30 01:06:07,ACC73125,9596.15,transfer,ACC90910,"6.219392,109.160843"
432218,2024-05-12 11:24:07,ACC69997,1109.38,withdrawal,ACC34343,"-78.897790,121.379013"
965626,2024-05-08 01:59:07,ACC55806,272.65,deposit,ACC40839,"-38.707541,82.453079"
335368,2024-05-03 04:59:07,ACC70508,4648.17,transfer,ACC96565,"-86.847270,-31.569942"
963135,2024-05-10 02:21:07,ACC60455,6832.83,transfer,ACC20317,"-29.286427,107.516109"
777019,2024-05-02 20:25:07,ACC10406,9109.86,withdrawal,ACC53508,"87.426139,137.866766"
230003,2024-05-07 08:42:07,ACC20618,5281.23,deposit,ACC50272,"0.799640,-12.879105"
911336,2024-05-06 23:17:07,ACC69170,3334.13,transfer,ACC80332,"-75.979560,33.207370"
839240,2024-05-10 04:40:07,ACC11413,1297.28,deposit,ACC49373,"51.201941,68.785545"
986749,2024-04-28 23:52:07,ACC24397,6199.43,deposit,ACC41368,"-66.712520,-102.575509"
272218,2024-05-08 09:14:07,ACC61971,6435.19,withdrawal,ACC77742,"67.503782,-149.856552"
748066,2024-05-02 21:34:07,ACC62477,101.48,withdrawal,ACC83994,"-36.342737,154.408149"
783782,2024-05-04 10:26:07,ACC43890,5427.12,transfer,ACC74852,"83.385067,64.685711"
283898,2024-04-28 18:28:07,ACC54422,1094.67,transfer,ACC87508,"19.759460,-85.520123"
496196,2024-05-15 07:34:07,ACC68719,4687.89,deposit,ACC53874,"-68.563770,-112.892048"
476575,2024-05-04 08:54:07,ACC34361,3893.58,transfer,ACC66596,"48.701160,60.258076"
538452,2024-05-12 22:01:07,ACC24240,975.48,deposit,ACC67845,"46.551286,24.271275"
947578,2024-05-18 16:15:07,ACC93458,3913.99,deposit,ACC79018,"-63.836358,128.579721"
280311,2024-04-30 17:43:07,ACC51586,8467.9,deposit,ACC83765,"89.307699,-36.716487"
415693,2024-04-23 22:56:07,ACC79252,5833.5,deposit,ACC19133,"-51.387677,127.841547"
956645,2024-04-29 10:15:07,ACC72663,2321.13,transfer,ACC28822,"8.538543,74.051567"
593034,2024-04-29 13:24:07,ACC47949,8164.51,deposit,ACC98249,"-52.905729,115.252750"
805735,2024-05-09 10:35:07,ACC83456,1602.42,withdrawal,ACC49134,"-49.527250,71.547680"
698054,2024-05-22 10:08:07,ACC39451,2400.43,withdrawal,ACC25627,"-27.412460,75.740448"
697125,2024-05-08 01:23:07,ACC95327,4095.61,deposit,ACC59451,"-66.376209,-17.750097"
882016,2024-05-03 18:51:07,ACC39135,6568.61,withdrawal,ACC70587,"-17.728189,-115.132938"
323041,2024-05-03 17:23:07,ACC31907,2237.28,transfer,ACC50998,"9.594701,153.952624"
838630,2024-05-07 18:21:07,ACC19076,123.81,transfer,ACC39275,"65.741293,-61.576612"
938698,2024-05-18 14:55:07,ACC78853,8842.28,withdrawal,ACC30836,"6.582768,172.672017"
599515,2024-05-15 11:47:07,ACC55512,9823.14,deposit,ACC11521,"69.974217,-28.915726"
494459,2024-05-19 21:21:07,ACC86559,2993.4,transfer,ACC96413,"63.903762,-67.441838"
814190,2024-05-01 10:01:07,ACC77298,7240.05,deposit,ACC19359,"-6.935113,-11.931943"
729293,2024-05-21 19:34:07,ACC62785,8159.75,transfer,ACC62813,"16.876435,131.922856"
395450,2024-05-03 18:22:07,ACC83729,8535.09,transfer,ACC24746,"-89.480706,-101.295077"
172319,2024-05-02 04:31:07,ACC77909,9986.1,deposit,ACC18246,"-69.974173,-126.885072"
856257,2024-05-22 16:48:07,ACC61874,2739.38,deposit,ACC22790,"75.756836,-20.579316"
195646,2024-04-25 10:00:07,ACC58775,9074.79,deposit,ACC71006,"83.554620,104.812736"
366215,2024-05-05 03:48:07,ACC65841,277.51,withdrawal,ACC33026,"-38.355864,116.623714"
307973,2024-05-03 15:13:07,ACC97564,1921.53,withdrawal,ACC47738,"71.939817,64.487288"
101252,2024-05-03 18:04:07,ACC26419,7189.82,withdrawal,ACC35591,"-80.408502,-16.144916"
429536,2024-05-07 04:39:07,ACC47954,1115.1,withdrawal,ACC55134,"-81.554213,30.756431"
235882,2024-05-04 07:24:07,ACC20212,1133.86,deposit,ACC27349,"-72.133110,0.518344"
221333,2024-05-16 09:07:07,ACC22348,8965.81,deposit,ACC73864,"43.318895,-167.730737"
403688,2024-05-02 13:41:07,ACC19706,4010.97,deposit,ACC98927,"-73.783450,-25.602691"
919355,2024-05-17 15:25:07,ACC87351,7629.93,withdrawal,ACC77343,"-1.565240,-93.576643"
826129,2024-04-25 14:37:07,ACC27187,5833.15,withdrawal,ACC18370,"23.479489,103.829855"
561257,2024-05-15 17:38:07,ACC50669,8435.48,transfer,ACC25773,"-31.030531,-47.682645"
412500,2024-05-05 11:17:07,ACC83647,3172.7,withdrawal,ACC77556,"73.035261,-63.080028"
411892,2024-05-06 07:39:07,ACC19366,3379.67,transfer,ACC96188,"55.949141,-81.230474"
140992,2024-04-27 18:46:07,ACC34831,660.19,deposit,ACC68913,"-77.912568,153.651695"
705282,2024-05-19 23:46:07,ACC81033,5297.78,transfer,ACC99953,"24.565045,13.467471"
145785,2024-05-18 10:08:07,ACC28738,2298.18,withdrawal,ACC84270,"-88.797435,124.828456"
199352,2024-04-27 15:45:07,ACC81649,1300.4,deposit,ACC14965,"39.697382,-73.679565"
841810,2024-05-09 23:15:07,ACC50556,7015.51,deposit,ACC13759,"-87.193371,0.100445"
764060,2024-05-11 07:33:07,ACC31668,561.82,transfer,ACC33859,"28.340334,176.114398"
478620,2024-04-29 21:20:07,ACC81422,3592.26,withdrawal,ACC17636,"-61.939646,46.986387"
261679,2024-05-18 11:44:07,ACC90527,8353.84,withdrawal,ACC59205,"-44.197605,-20.711849"
377465,2024-05-03 15:06:07,ACC82507,8608.5,transfer,ACC58260,"80.703568,149.211954"
810792,2024-05-08 13:47:07,ACC15605,5111.31,withdrawal,ACC79249,"-16.730561,-33.310204"
651583,2024-05-16 07:51:07,ACC17902,3156.94,transfer,ACC95987,"82.579427,35.610580"
764554,2024-05-07 12:36:07,ACC53797,1556.52,withdrawal,ACC52144,"25.052458,171.638897"
136402,2024-04-29 09:11:07,ACC31473,8280.21,withdrawal,ACC43217,"-29.762621,-85.445969"
859562,2024-04-27 09:58:07,ACC90149,3692.94,withdrawal,ACC68118,"-17.565854,-74.456294"
450681,2024-05-07 04:40:07,ACC75262,7075.49,transfer,ACC26963,"3.099899,-53.083054"
278029,2024-05-17 10:41:07,ACC55471,472.9,withdrawal,ACC30062,"-63.926826,-47.337084"
252978,2024-05-05 04:04:07,ACC95091,2546.22,withdrawal,ACC96148,"1.403283,25.669855"
150632,2024-05-12 00:14:07,ACC60965,5326.08,deposit,ACC43842,"-2.964886,138.199081"
647778,2024-05-13 16:52:07,ACC64157,4062.76,transfer,ACC24136,"-28.073235,-15.041657"
810641,2024-05-04 22:32:07,ACC57433,9477.08,withdrawal,ACC40016,"-43.172045,-31.010271"
132911,2024-05-12 21:14:07,ACC77082,9928.72,withdrawal,ACC18017,"44.446865,-116.378480"
827236,2024-05-22 18:10:07,ACC57598,2289.2,withdrawal,ACC26141,"-58.571046,-151.530954"
122926,2024-04-28 13:09:07,ACC43051,5514.68,deposit,ACC76573,"82.388621,75.357798"
529941,2024-05-05 15:27:07,ACC57711,8306.22,withdrawal,ACC24659,"10.834393,-99.156926"
265132,2024-05-15 15:04:07,ACC94502,9445.79,withdrawal,ACC84499,"88.518821,79.030586"
782679,2024-04-26 15:46:07,ACC80189,2574.22,transfer,ACC84406,"16.400744,-102.736169"
322867,2024-05-22 15:11:07,ACC64420,4931.15,withdrawal,ACC18051,"28.907418,-8.646909"
834987,2024-05-07 11:44:07,ACC62715,4028.88,transfer,ACC32722,"-39.509766,140.309783"
292042,2024-05-14 16:38:07,ACC84615,3735.96,transfer,ACC42916,"45.297639,130.104576"
787368,2024-04-30 02:38:07,ACC17261,3948.55,withdrawal,ACC22586,"41.555889,-119.685140"
384731,2024-05-02 07:39:07,ACC47360,899.25,deposit,ACC14354,"-60.363214,-176.641026"
215115,2024-05-10 22:52:07,ACC65425,6961.1,withdrawal,ACC16706,"-74.004690,132.683999"
584809,2024-04-26 17:04:07,ACC82885,8677.45,transfer,ACC68395,"-13.595078,151.792013"
357040,2024-05-16 13:05:07,ACC29687,8813.52,transfer,ACC56645,"-40.646505,92.616787"
679410,2024-05-14 18:22:07,ACC30276,1812.19,transfer,ACC15288,"13.727286,-134.693752"
175314,2024-04-25 18:20:07,ACC16175,1793.35,deposit,ACC94633,"20.214650,-58.986527"
575025,2024-05-08 03:44:07,ACC36303,3873.07,deposit,ACC99911,"-55.429000,129.443089"
967681,2024-05-18 07:36:07,ACC32756,7277.71,withdrawal,ACC56591,"33.084880,-84.159015"
876549,2024-04-27 13:59:07,ACC46864,7642.86,transfer,ACC17991,"-30.448038,104.218921"
843762,2024-05-11 12:38:07,ACC26624,8736.06,withdrawal,ACC66077,"28.183096,138.614970"
768161,2024-05-21 07:27:07,ACC73157,6340.97,transfer,ACC89319,"-75.571139,-90.687106"
163395,2024-05-04 09:55:07,ACC45865,3849.83,withdrawal,ACC58361,"-68.473442,49.018440"
509618,2024-05-16 17:55:07,ACC44003,6268.95,transfer,ACC23949,"61.685717,176.338261"
599141,2024-05-03 20:36:07,ACC58249,8399.51,withdrawal,ACC72413,"81.595215,91.178541"
547415,2024-05-09 20:06:07,ACC41817,5246.84,transfer,ACC98268,"21.392128,118.945970"
217981,2024-05-11 14:28:07,ACC24146,8617.3,withdrawal,ACC71678,"71.452490,175.882386"
765969,2024-04-29 20:31:07,ACC40861,9336.44,deposit,ACC59986,"72.076575,-65.401613"
893358,2024-05-03 04:34:07,ACC94598,8717.43,deposit,ACC71789,"-16.541867,-64.664261"
519242,2024-05-09 17:27:07,ACC15737,3682.57,transfer,ACC28748,"-46.543363,102.738550"
407401,2024-05-14 11:39:07,ACC60398,2889.83,deposit,ACC19386,"-80.159997,-10.455401"
957567,2024-04-27 11:49:07,ACC61680,3842.2,transfer,ACC53597,"2.367796,-137.757930"
552490,2024-04-26 22:39:07,ACC87146,5885.03,deposit,ACC96798,"-29.310746,-82.330872"
470171,2024-05-11 10:02:07,ACC88938,6472.61,withdrawal,ACC53415,"-74.218356,76.146667"
657677,2024-05-10 10:13:07,ACC18363,3512.68,deposit,ACC47073,"-5.368558,-28.782706"
232311,2024-04-24 10:10:07,ACC96376,7823.64,deposit,ACC46533,"49.905757,167.849773"
206094,2024-05-07 22:37:07,ACC53285,5877.96,transfer,ACC53437,"72.949902,-66.268475"
630226,2024-05-10 19:34:07,ACC59644,7139.05,transfer,ACC30405,"43.944775,-129.797050"
585048,2024-05-15 06:11:07,ACC55580,4763.45,transfer,ACC66425,"-58.568187,119.624403"
856224,2024-05-22 12:49:07,ACC91207,4385.14,withdrawal,ACC36743,"-27.879687,-172.142613"
848516,2024-05-05 14:54:07,ACC92821,9440.25,transfer,ACC12762,"-10.238147,138.170170"
880749,2024-04-26 19:56:07,ACC74129,6109.43,withdrawal,ACC39429,"-13.672621,-130.857676"
361223,2024-05-15 15:00:07,ACC81730,9755.43,transfer,ACC50691,"-56.733118,-160.898589"
676170,2024-05-20 21:51:07,ACC65372,8922.21,deposit,ACC25369,"31.612034,136.121829"
711309,2024-05-16 19:41:07,ACC60851,5278.95,deposit,ACC91002,"-69.473139,12.066677"
808282,2024-04-28 13:17:07,ACC24156,7959.83,deposit,ACC49245,"-2.640610,103.190898"
813661,2024-04-25 00:54:07,ACC85216,1397.75,deposit,ACC98928,"58.858411,-7.440758"
564180,2024-04-27 06:22:07,ACC88004,5306.44,transfer,ACC84460,"33.632365,173.412957"
977745,2024-04-30 07:34:07,ACC57998,9058.28,deposit,ACC56875,"-10.196765,-73.597379"
988409,2024-05-11 16:20:07,ACC19821,1564.31,withdrawal,ACC93297,"86.498057,-168.964482"
627228,2024-05-04 10:27:07,ACC60458,3644.3,transfer,ACC67433,"63.839424,-14.611569"
250246,2024-05-16 06:28:07,ACC71742,3280.35,withdrawal,ACC15816,"66.026800,121.022419"
647506,2024-04-30 04:16:07,ACC38610,9355.67,withdrawal,ACC62424,"-31.143345,88.781537"
763393,2024-05-07 22:34:07,ACC42911,3920.81,withdrawal,ACC91384,"-52.084980,13.041429"
917516,2024-05-15 01:45:07,ACC59352,7660.55,deposit,ACC87441,"31.297630,31.241649"
303507,2024-05-12 17:58:07,ACC65110,9629.67,transfer,ACC77023,"27.075963,-0.683417"
882119,2024-05-18 21:04:07,ACC58576,333.45,withdrawal,ACC25566,"51.429790,136.765504"
869672,2024-05-20 10:24:07,ACC78896,9464.71,withdrawal,ACC71359,"60.951963,-28.275896"
702163,2024-05-14 06:34:07,ACC43154,9785.07,transfer,ACC36096,"-66.966743,-4.095209"
268427,2024-04-28 11:07:07,ACC52111,9830.61,deposit,ACC26903,"52.521011,-170.633685"
632114,2024-05-13 10:07:07,ACC47309,7874.36,transfer,ACC37581,"75.662749,9.921427"
673861,2024-05-10 01:32:07,ACC31177,2730.03,deposit,ACC14493,"-5.480605,134.684125"
461358,2024-05-12 21:10:07,ACC56905,4237.05,deposit,ACC84824,"-25.028150,-88.233038"
965148,2024-05-09 14:44:07,ACC10080,4873.59,transfer,ACC97139,"-66.255392,40.487340"
754763,2024-05-01 10:01:07,ACC53294,8990.43,withdrawal,ACC20104,"-46.528433,-56.696993"
364879,2024-05-20 21:46:07,ACC63474,6166.2,deposit,ACC10343,"19.350716,1.901038"
577712,2024-04-25 02:00:07,ACC29447,3120.07,withdrawal,ACC53657,"-32.944578,143.387668"
309274,2024-05-09 01:24:07,ACC33738,9013.3,deposit,ACC30183,"-86.546599,-159.237547"
931526,2024-04-30 20:12:07,ACC77446,9928.8,transfer,ACC61259,"-47.894595,46.580778"
694977,2024-05-02 14:14:07,ACC18288,9489.99,withdrawal,ACC30364,"49.815468,-6.095295"
316972,2024-04-26 11:14:07,ACC64276,9560.95,withdrawal,ACC16904,"14.196962,105.648437"
152476,2024-05-10 10:59:07,ACC77392,1048.43,deposit,ACC43439,"-6.389825,132.329443"
620297,2024-05-06 16:03:07,ACC92324,4777.08,deposit,ACC53344,"32.760030,-25.627696"
687653,2024-05-05 11:26:07,ACC32212,6833.53,deposit,ACC87219,"-1.875210,34.387202"
410293,2024-05-20 02:12:07,ACC36574,8993.88,deposit,ACC74772,"71.698570,23.669183"
